360710126023010,360710152001086,1,41.4579045,-74.053103,41.4796295,-74.2177437
360710152003001,360710152001086,1,41.5050572,-74.0778755,41.4796295,-74.2177437
360710126012019,360710152001098,2,41.4765339,-74.0575322,41.4871306,-74.1159275
360710126021004,360710152001098,1,41.4635675,-74.0481642,41.4871306,-74.1159275
360710128003001,360710152001098,1,41.4852498,-74.0082136,41.4871306,-74.1159275
360710128003006,360710152001098,1,41.4646851,-74.0178274,41.4871306,-74.1159275
360710152002011,360710152001098,1,41.4707125,-74.1487522,41.4871306,-74.1159275
360710152003001,360710152001098,1,41.5050572,-74.0778755,41.4871306,-74.1159275
360710152003042,360710152001098,1,41.4894041,-74.1025899,41.4871306,-74.1159275
360710152003056,360710152001098,1,41.4875342,-74.10602,41.4871306,-74.1159275
360710126011000,360710152001109,1,41.4866711,-74.0469285,41.4854081,-74.1139947
360710126012006,360710152001109,2,41.4762258,-74.0672837,41.4854081,-74.1139947
360710126012014,360710152001109,1,41.4744048,-74.0496624,41.4854081,-74.1139947
360710126012019,360710152001109,1,41.4765339,-74.0575322,41.4854081,-74.1139947
360710152003019,360710152001109,1,41.5008701,-74.1046994,41.4854081,-74.1139947
360710152004004,360710152001109,1,41.4824854,-74.0922244,41.4854081,-74.1139947
360710152003001,360710152001110,1,41.5050572,-74.0778755,41.4860369,-74.1138241
360710152004004,360710152001110,1,41.4824854,-74.0922244,41.4860369,-74.1138241
360710152006004,360710152001110,1,41.4694417,-74.0756745,41.4860369,-74.1138241
360710128002014,360710152001111,1,41.4701945,-74.026919,41.4866553,-74.1180567
360710152001105,360710152001111,1,41.4862476,-74.109667,41.4866553,-74.1180567
360710152003007,360710152001111,1,41.5136264,-74.1108596,41.4866553,-74.1180567
360710152003045,360710152001113,1,41.4973308,-74.1031234,41.4874567,-74.1179942
360710126012009,360710152002000,1,41.4848284,-74.0675307,41.4745468,-74.1109213
360710128003001,360710152002000,1,41.4852498,-74.0082136,41.4745468,-74.1109213
360710152002011,360710152002000,1,41.4707125,-74.1487522,41.4745468,-74.1109213
360710152003001,360710152002000,1,41.5050572,-74.0778755,41.4745468,-74.1109213
360710152003007,360710152002000,1,41.5136264,-74.1108596,41.4745468,-74.1109213
360710152003056,360710152002000,1,41.4875342,-74.10602,41.4745468,-74.1109213
360710152005010,360710152002001,1,41.4574842,-74.1337184,41.479855,-74.1183287
360710152002002,360710152002002,1,41.4726522,-74.1205203,41.4726522,-74.1205203
360710152004004,360710152002002,1,41.4824854,-74.0922244,41.4726522,-74.1205203
360710152003007,360710152002004,1,41.5136264,-74.1108596,41.4734467,-74.116839
360710126022001,360710152002006,1,41.453347,-74.051145,41.4730357,-74.1320714
360710152002000,360710152002006,1,41.4745468,-74.1109213,41.4730357,-74.1320714
360710152006015,360710152002006,2,41.4504523,-74.065907,41.4730357,-74.1320714
360710127001012,360710152002009,1,41.4759034,-74.0383064,41.4719989,-74.1408221
360710152003045,360710152002009,1,41.4973308,-74.1031234,41.4719989,-74.1408221
360710128003025,360710152002010,1,41.4604431,-74.0283939,41.4738374,-74.1460235
360710126023010,360710152002011,1,41.4579045,-74.053103,41.4707125,-74.1487522
360710127001002,360710152002011,1,41.4806924,-74.0365826,41.4707125,-74.1487522
360710128003023,360710152002011,1,41.4610963,-74.0212086,41.4707125,-74.1487522
360710126012006,360710152002012,1,41.4762258,-74.0672837,41.4697885,-74.1573037
360710152003045,360710152002012,1,41.4973308,-74.1031234,41.4697885,-74.1573037
360710126012019,360710152002013,1,41.4765339,-74.0575322,41.4694599,-74.1624298
360710128004006,360710152002013,1,41.464596,-74.0402192,41.4694599,-74.1624298
360710152001105,360710152002013,1,41.4862476,-74.109667,41.4694599,-74.1624298
360710126012004,360710152002014,2,41.4929784,-74.0766747,41.4633842,-74.1566637
360710126012006,360710152002014,1,41.4762258,-74.0672837,41.4633842,-74.1566637
360710126012008,360710152002014,1,41.4818979,-74.0655142,41.4633842,-74.1566637
360710126012019,360710152002014,1,41.4765339,-74.0575322,41.4633842,-74.1566637
360710126012026,360710152002014,1,41.4823471,-74.0627449,41.4633842,-74.1566637
360710126021004,360710152002014,1,41.4635675,-74.0481642,41.4633842,-74.1566637
360710126022010,360710152002014,1,41.4555782,-74.0613089,41.4633842,-74.1566637
360710126023010,360710152002014,1,41.4579045,-74.053103,41.4633842,-74.1566637
360710128003001,360710152002014,1,41.4852498,-74.0082136,41.4633842,-74.1566637
360710152006049,360710152002014,1,41.4594429,-74.1001658,41.4633842,-74.1566637
360710126012009,360710152002016,1,41.4848284,-74.0675307,41.4568761,-74.1470664
360710126012019,360710152002016,1,41.4765339,-74.0575322,41.4568761,-74.1470664
360710127001004,360710152002016,1,41.4835203,-74.0328777,41.4568761,-74.1470664
360710128002005,360710152002016,1,41.4653672,-74.0285976,41.4568761,-74.1470664
360710152006026,360710152002016,1,41.470195,-74.0992582,41.4568761,-74.1470664
360710152003039,360710152002017,1,41.4866127,-74.0998658,41.4546178,-74.1527737
360710127004018,360710152002018,1,41.4766083,-74.0214617,41.4523439,-74.1430503
360710152004004,360710152002022,1,41.4824854,-74.0922244,41.4526341,-74.15464
360710128003025,360710152002023,1,41.4604431,-74.0283939,41.4618415,-74.1416591
360710152003052,360710152002027,1,41.491817,-74.1061922,41.4663247,-74.1312568
360710152003021,360710152002029,1,41.4924644,-74.0945523,41.4552331,-74.1378672
360710152005021,360710152002029,1,41.4482746,-74.1107531,41.4552331,-74.1378672
360710126012008,360710152002030,1,41.4818979,-74.0655142,41.4618618,-74.135177
360710126012019,360710152002030,1,41.4765339,-74.0575322,41.4618618,-74.135177
360710126023010,360710152002030,1,41.4579045,-74.053103,41.4618618,-74.135177
360710128002005,360710152002030,1,41.4653672,-74.0285976,41.4618618,-74.135177
360710128002008,360710152002030,1,41.4698297,-74.0318317,41.4618618,-74.135177
360710152003001,360710152002030,1,41.5050572,-74.0778755,41.4618618,-74.135177
360710152006028,360710152002030,1,41.4788455,-74.1021335,41.4618618,-74.135177
360710126012014,360710152002031,1,41.4744048,-74.0496624,41.4583035,-74.1376901
360710152003042,360710152002035,1,41.4894041,-74.1025899,41.4640275,-74.12452
360710126022010,360710152002037,1,41.4555782,-74.0613089,41.4613914,-74.1762332
360710128002008,360710152002037,1,41.4698297,-74.0318317,41.4613914,-74.1762332
360710128003023,360710152002037,2,41.4610963,-74.0212086,41.4613914,-74.1762332
360710152003045,360710152002037,1,41.4973308,-74.1031234,41.4613914,-74.1762332
360710152006049,360710152002037,1,41.4594429,-74.1001658,41.4613914,-74.1762332
360710126011000,360710152002038,1,41.4866711,-74.0469285,41.4639704,-74.1706721
360710127001004,360710152002038,1,41.4835203,-74.0328777,41.4639704,-74.1706721
360710152004004,360710152002042,1,41.4824854,-74.0922244,41.4643491,-74.1800264
360710126011006,360710152002043,2,41.4860442,-74.052517,41.4667045,-74.1788715
360710126012019,360710152002043,1,41.4765339,-74.0575322,41.4667045,-74.1788715
360710126021000,360710152002043,1,41.467769,-74.0501948,41.4667045,-74.1788715
360710152003045,360710152002043,1,41.4973308,-74.1031234,41.4667045,-74.1788715
360710128003025,360710152002044,1,41.4604431,-74.0283939,41.4635454,-74.188966
360710128004006,360710152002044,1,41.464596,-74.0402192,41.4635454,-74.188966
360710152003001,360710152002044,1,41.5050572,-74.0778755,41.4635454,-74.188966
360710152003042,360710152002044,1,41.4894041,-74.1025899,41.4635454,-74.188966
360710152003007,360710152002047,1,41.5136264,-74.1108596,41.4668745,-74.1963731
360710126011000,360710152002051,1,41.4866711,-74.0469285,41.4618573,-74.1942287
360710126012026,360710152002051,1,41.4823471,-74.0627449,41.4618573,-74.1942287
360710126022010,360710152002051,1,41.4555782,-74.0613089,41.4618573,-74.1942287
360710127001004,360710152002051,1,41.4835203,-74.0328777,41.4618573,-74.1942287
360710127002021,360710152002052,1,41.4880405,-74.0254213,41.4536969,-74.190214
360710126012006,360710152002053,1,41.4762258,-74.0672837,41.4578243,-74.1857227
360710126012019,360710152002053,1,41.4765339,-74.0575322,41.4578243,-74.1857227
360710127004018,360710152002053,1,41.4766083,-74.0214617,41.4578243,-74.1857227
360710127002021,360710152002055,1,41.4880405,-74.0254213,41.4473093,-74.1811691
360710152004004,360710152002055,1,41.4824854,-74.0922244,41.4473093,-74.1811691
360710126022010,360710152002059,1,41.4555782,-74.0613089,41.4579791,-74.1739226
360710126023010,360710152002059,1,41.4579045,-74.053103,41.4579791,-74.1739226
360710152003045,360710152002059,1,41.4973308,-74.1031234,41.4579791,-74.1739226
360710128003001,360710152002060,1,41.4852498,-74.0082136,41.4651446,-74.1650349
360710126023010,360710152002061,1,41.4579045,-74.053103,41.4521494,-74.167223
360710126012026,360710152002065,1,41.4823471,-74.0627449,41.4543451,-74.1573209
360710126022001,360710152002065,1,41.453347,-74.051145,41.4543451,-74.1573209
360710152003045,360710152002065,1,41.4973308,-74.1031234,41.4543451,-74.1573209
360710152006031,360710152003017,1,41.4824674,-74.0983132,41.4993879,-74.1008486
360710126012006,360710152003046,1,41.4762258,-74.0672837,41.4980288,-74.1045245
360710152004004,360710152003046,1,41.4824854,-74.0922244,41.4980288,-74.1045245
360710127001002,360710152003053,1,41.4806924,-74.0365826,41.493109,-74.1090612
360710126023010,360710152003056,1,41.4579045,-74.053103,41.4875342,-74.10602
360710152006031,360710152003056,1,41.4824674,-74.0983132,41.4875342,-74.10602
360710126012004,360710152004003,1,41.4929784,-74.0766747,41.4822505,-74.0944491
360710126012006,360710152004003,1,41.4762258,-74.0672837,41.4822505,-74.0944491
360710126011000,360710152004004,1,41.4866711,-74.0469285,41.4824854,-74.0922244
360710127001004,360710152004004,1,41.4835203,-74.0328777,41.4824854,-74.0922244
360710127001008,360710152004004,1,41.4797389,-74.031226,41.4824854,-74.0922244
360710127002002,360710152004004,1,41.4874184,-74.030265,41.4824854,-74.0922244
360710152003007,360710152004004,1,41.5136264,-74.1108596,41.4824854,-74.0922244
360710152003019,360710152004004,1,41.5008701,-74.1046994,41.4824854,-74.0922244
360710152004004,360710152004004,1,41.4824854,-74.0922244,41.4824854,-74.0922244
360710152006015,360710152004004,1,41.4504523,-74.065907,41.4824854,-74.0922244
360710152006028,360710152004004,1,41.4788455,-74.1021335,41.4824854,-74.0922244
360710126011000,360710152004005,1,41.4866711,-74.0469285,41.4832246,-74.0954221
360710126022001,360710152004007,1,41.453347,-74.051145,41.4829921,-74.0976904
360710152004004,360710152004008,2,41.4824854,-74.0922244,41.4818751,-74.0967508
360710152003007,360710152004011,1,41.5136264,-74.1108596,41.4875716,-74.0895589
360710126012006,360710152004012,1,41.4762258,-74.0672837,41.487421,-74.0877303
360710126012008,360710152004012,1,41.4818979,-74.0655142,41.487421,-74.0877303
360710128004006,360710152004012,1,41.464596,-74.0402192,41.487421,-74.0877303
360710152003045,360710152004012,1,41.4973308,-74.1031234,41.487421,-74.0877303
360710152003042,360710152004013,1,41.4894041,-74.1025899,41.4881811,-74.0874859
360710126011000,360710152004016,1,41.4866711,-74.0469285,41.4845213,-74.0860791
360710126011000,360710152004017,1,41.4866711,-74.0469285,41.4857383,-74.0841076
360710126011000,360710152005000,1,41.4866711,-74.0469285,41.4547041,-74.114527
360710126012019,360710152005000,1,41.4765339,-74.0575322,41.4547041,-74.114527
360710127001002,360710152005001,1,41.4806924,-74.0365826,41.4478302,-74.1264123
360710127004000,360710152005001,1,41.4892193,-74.0163774,41.4478302,-74.1264123
360710152006015,360710152005001,1,41.4504523,-74.065907,41.4478302,-74.1264123
360710127005003,360710152005003,1,41.4748697,-74.0215851,41.451848,-74.1220067
360710128003023,360710152005003,1,41.4610963,-74.0212086,41.451848,-74.1220067
360710152002030,360710152005003,1,41.4618618,-74.135177,41.451848,-74.1220067
360710152003004,360710152005003,1,41.5067822,-74.0989536,41.451848,-74.1220067
360710126012019,360710152005004,1,41.4765339,-74.0575322,41.4538237,-74.121252
360710128003001,360710152005004,1,41.4852498,-74.0082136,41.4538237,-74.121252
360710152003007,360710152005004,1,41.5136264,-74.1108596,41.4538237,-74.121252
360710152003019,360710152005004,1,41.5008701,-74.1046994,41.4538237,-74.121252
360710152003056,360710152005004,1,41.4875342,-74.10602,41.4538237,-74.121252
360710152004004,360710152005004,2,41.4824854,-74.0922244,41.4538237,-74.121252
360710152006049,360710152005004,1,41.4594429,-74.1001658,41.4538237,-74.121252
360710126011000,360710152005005,1,41.4866711,-74.0469285,41.448806,-74.120935
360710152006028,360710152005005,1,41.4788455,-74.1021335,41.448806,-74.120935
360710126012026,360710152005006,1,41.4823471,-74.0627449,41.4503681,-74.1241648
360710126012008,360710152005007,1,41.4818979,-74.0655142,41.4492638,-74.1354293
360710128002005,360710152005008,1,41.4653672,-74.0285976,41.4434512,-74.1322719
360710126011000,360710152005011,3,41.4866711,-74.0469285,41.4496801,-74.1190693
360710152003045,360710152005011,2,41.4973308,-74.1031234,41.4496801,-74.1190693
360710126012006,360710152005013,1,41.4762258,-74.0672837,41.448558,-74.1169295
360710126023002,360710152005013,1,41.4597565,-74.0562759,41.448558,-74.1169295
360710128004006,360710152005013,1,41.464596,-74.0402192,41.448558,-74.1169295
360710152003045,360710152005013,1,41.4973308,-74.1031234,41.448558,-74.1169295
360710152003056,360710152005013,1,41.4875342,-74.10602,41.448558,-74.1169295
360710152006049,360710152005013,1,41.4594429,-74.1001658,41.448558,-74.1169295
360710126011000,360710152005014,1,41.4866711,-74.0469285,41.4526567,-74.1107258
360710152003021,360710152005014,1,41.4924644,-74.0945523,41.4526567,-74.1107258
360710152003045,360710152005014,1,41.4973308,-74.1031234,41.4526567,-74.1107258
360710126012004,360710152005015,1,41.4929784,-74.0766747,41.4517953,-74.1102713
360710126012006,360710152005015,1,41.4762258,-74.0672837,41.4517953,-74.1102713
360710128004007,360710152005015,1,41.4656825,-74.036476,41.4517953,-74.1102713
360710126011000,360710152005016,1,41.4866711,-74.0469285,41.4443613,-74.1129165
360710126012006,360710152005016,1,41.4762258,-74.0672837,41.4443613,-74.1129165
360710152003007,360710152005016,1,41.5136264,-74.1108596,41.4443613,-74.1129165
360710126012008,360710152005017,1,41.4818979,-74.0655142,41.4453092,-74.1145201
360710126012019,360710152005017,1,41.4765339,-74.0575322,41.4453092,-74.1145201
360710126012019,360710152005019,1,41.4765339,-74.0575322,41.4480582,-74.1062436
360710152004004,360710152005019,1,41.4824854,-74.0922244,41.4480582,-74.1062436
360710126022010,360710152005021,1,41.4555782,-74.0613089,41.4482746,-74.1107531
360710152003021,360710152005021,1,41.4924644,-74.0945523,41.4482746,-74.1107531
360710152003045,360710152005021,2,41.4973308,-74.1031234,41.4482746,-74.1107531
360710152005027,360710152005021,1,41.4445545,-74.1096492,41.4482746,-74.1107531
360710152003007,360710152005023,1,41.5136264,-74.1108596,41.4447809,-74.1114952
360710126012006,360710152005024,1,41.4762258,-74.0672837,41.4444511,-74.1117959
360710126012009,360710152005024,1,41.4848284,-74.0675307,41.4444511,-74.1117959
360710152006028,360710152005024,1,41.4788455,-74.1021335,41.4444511,-74.1117959
360710152003052,360710152005025,1,41.491817,-74.1061922,41.4510836,-74.1213482
360710152003019,360710152005026,1,41.5008701,-74.1046994,41.445584,-74.1065849
360710152003025,360710152005026,1,41.4982265,-74.101808,41.445584,-74.1065849
360710152004004,360710152005026,1,41.4824854,-74.0922244,41.445584,-74.1065849
360710128004006,360710152005027,1,41.464596,-74.0402192,41.4445545,-74.1096492
360710126011000,360710152005028,2,41.4866711,-74.0469285,41.4456624,-74.1409139
360710126022010,360710152005031,1,41.4555782,-74.0613089,41.4439653,-74.1662228
360710127002021,360710152005031,1,41.4880405,-74.0254213,41.4439653,-74.1662228
360710126012004,360710152005033,1,41.4929784,-74.0766747,41.4431196,-74.1693647
360710126012019,360710152005035,1,41.4765339,-74.0575322,41.4464428,-74.1139153
360710126022001,360710152005035,1,41.453347,-74.051145,41.4464428,-74.1139153
360710126022010,360710152005035,1,41.4555782,-74.0613089,41.4464428,-74.1139153
360710127001002,360710152005035,1,41.4806924,-74.0365826,41.4464428,-74.1139153
360710127001004,360710152005035,1,41.4835203,-74.0328777,41.4464428,-74.1139153
360710127001002,360710152006002,2,41.4806924,-74.0365826,41.4738454,-74.0763795
360710127002002,360710152006002,1,41.4874184,-74.030265,41.4738454,-74.0763795
360710128003023,360710152006002,1,41.4610963,-74.0212086,41.4738454,-74.0763795
360710152001105,360710152006002,1,41.4862476,-74.109667,41.4738454,-74.0763795
360710152003001,360710152006002,1,41.5050572,-74.0778755,41.4738454,-74.0763795
360710128002008,360710152006003,1,41.4698297,-74.0318317,41.4831503,-74.0832295
360710126012006,360710152006004,1,41.4762258,-74.0672837,41.4694417,-74.0756745
360710152006015,360710152006004,1,41.4504523,-74.065907,41.4694417,-74.0756745
360710126012006,360710152006005,1,41.4762258,-74.0672837,41.4766478,-74.0810432
360710126012019,360710152006005,2,41.4765339,-74.0575322,41.4766478,-74.0810432
360710126022001,360710152006005,1,41.453347,-74.051145,41.4766478,-74.0810432
360710126023010,360710152006005,1,41.4579045,-74.053103,41.4766478,-74.0810432
360710127001004,360710152006005,1,41.4835203,-74.0328777,41.4766478,-74.0810432
360710128003023,360710152006005,1,41.4610963,-74.0212086,41.4766478,-74.0810432
360710152003045,360710152006005,1,41.4973308,-74.1031234,41.4766478,-74.0810432
360710128002008,360710152006007,1,41.4698297,-74.0318317,41.4807014,-74.0863592
360710126022010,360710152006014,1,41.4555782,-74.0613089,41.4533563,-74.066388
360710128003025,360710152006014,1,41.4604431,-74.0283939,41.4533563,-74.066388
360710152002011,360710152006014,1,41.4707125,-74.1487522,41.4533563,-74.066388
360710152003045,360710152006014,1,41.4973308,-74.1031234,41.4533563,-74.066388
360710152003008,360710152006018,1,41.5121673,-74.1181441,41.4608805,-74.072198
360710126012026,360710152006019,1,41.4823471,-74.0627449,41.4586222,-74.0745771
360710126023010,360710152006019,1,41.4579045,-74.053103,41.4586222,-74.0745771
360710152003007,360710152006019,1,41.5136264,-74.1108596,41.4586222,-74.0745771
360710126012006,360710152006025,1,41.4762258,-74.0672837,41.468751,-74.0893435
360710152002000,360710152006025,1,41.4745468,-74.1109213,41.468751,-74.0893435
360710126012019,360710152006026,1,41.4765339,-74.0575322,41.470195,-74.0992582
360710126023010,360710152006028,1,41.4579045,-74.053103,41.4788455,-74.1021335
360710152004014,360710152006028,1,41.487026,-74.0850105,41.4788455,-74.1021335
360710126011000,360710152006033,1,41.4866711,-74.0469285,41.4604524,-74.0830711
360710126012014,360710152006033,1,41.4744048,-74.0496624,41.4604524,-74.0830711
360710152003007,360710152006033,1,41.5136264,-74.1108596,41.4604524,-74.0830711
360710126012006,360710152006037,1,41.4762258,-74.0672837,41.4595798,-74.078037
360710126012019,360710152006038,1,41.4765339,-74.0575322,41.4580897,-74.0841353
360710126023006,360710152006038,1,41.4569091,-74.0584629,41.4580897,-74.0841353
360710152003007,360710152006038,1,41.5136264,-74.1108596,41.4580897,-74.0841353
360710126011000,360710152006041,1,41.4866711,-74.0469285,41.4625965,-74.0894309
360710126012006,360710152006041,1,41.4762258,-74.0672837,41.4625965,-74.0894309
360710128003001,360710152006041,3,41.4852498,-74.0082136,41.4625965,-74.0894309
360710152004004,360710152006041,1,41.4824854,-74.0922244,41.4625965,-74.0894309
360710152005028,360710152006041,1,41.4456624,-74.1409139,41.4625965,-74.0894309
360710152006028,360710152006041,1,41.4788455,-74.1021335,41.4625965,-74.0894309
360710126011000,360710152006043,1,41.4866711,-74.0469285,41.4615052,-74.0920446
360710152006028,360710152006044,1,41.4788455,-74.1021335,41.4627923,-74.0946424
360710152003007,360710152006045,1,41.5136264,-74.1108596,41.4624974,-74.0935169
360710152002011,360710152006046,1,41.4707125,-74.1487522,41.4601172,-74.0876583
360710126012006,360710152006047,1,41.4762258,-74.0672837,41.4602987,-74.0913271
360710127001004,360710152006047,1,41.4835203,-74.0328777,41.4602987,-74.0913271
360710152003001,360710152006047,1,41.5050572,-74.0778755,41.4602987,-74.0913271
360710126012019,360710152006048,1,41.4765339,-74.0575322,41.4600417,-74.0952616
360710127001002,360710152006048,1,41.4806924,-74.0365826,41.4600417,-74.0952616
360710126012019,360710152006054,1,41.4765339,-74.0575322,41.4657485,-74.1104382
360710152003001,360710152006054,1,41.5050572,-74.0778755,41.4657485,-74.1104382
360710152003042,360710152006054,1,41.4894041,-74.1025899,41.4657485,-74.1104382
360710126022010,360710152006056,1,41.4555782,-74.0613089,41.4538149,-74.1055043
360710152002011,360710152006056,1,41.4707125,-74.1487522,41.4538149,-74.1055043
360710152006028,360710152006056,1,41.4788455,-74.1021335,41.4538149,-74.1055043
360710152006031,360710152006056,1,41.4824674,-74.0983132,41.4538149,-74.1055043
360710126022001,360710152006058,2,41.453347,-74.051145,41.4547212,-74.0895769
360710127004005,360710152006058,1,41.4838031,-74.0141577,41.4547212,-74.0895769
360710128003015,360710152006058,1,41.4742186,-74.0147549,41.4547212,-74.0895769
360710152003056,360710152006058,1,41.4875342,-74.10602,41.4547212,-74.0895769
360710152004004,360710152006058,2,41.4824854,-74.0922244,41.4547212,-74.0895769
360710152004016,360710152006058,1,41.4845213,-74.0860791,41.4547212,-74.0895769
360710152006028,360710152006058,1,41.4788455,-74.1021335,41.4547212,-74.0895769
360710126012006,360710152006059,1,41.4762258,-74.0672837,41.4583459,-74.0882087
360710126021004,360710152006059,1,41.4635675,-74.0481642,41.4583459,-74.0882087
360710152004015,360710152006059,1,41.4866432,-74.093062,41.4583459,-74.0882087
360710126022010,360710152006060,1,41.4555782,-74.0613089,41.4554806,-74.0879622
360710126023010,360710152006060,1,41.4579045,-74.053103,41.4554806,-74.0879622
360710152003001,360710152006060,1,41.5050572,-74.0778755,41.4554806,-74.0879622
360710152003056,360710152006060,1,41.4875342,-74.10602,41.4554806,-74.0879622
360710152004004,360710152006060,1,41.4824854,-74.0922244,41.4554806,-74.0879622
360710126012026,360710152006061,1,41.4823471,-74.0627449,41.456161,-74.0880991
360710126021004,360710152006061,1,41.4635675,-74.0481642,41.456161,-74.0880991
360710152003021,360710152006061,1,41.4924644,-74.0945523,41.456161,-74.0880991
360710152003045,360710152006061,1,41.4973308,-74.1031234,41.456161,-74.0880991
360710152003056,360710152006061,1,41.4875342,-74.10602,41.456161,-74.0880991
360710126012007,360710152006063,1,41.4819112,-74.0711482,41.4547672,-74.0875705
360710126012014,360710152006063,1,41.4744048,-74.0496624,41.4547672,-74.0875705
360710126012019,360710152006063,1,41.4765339,-74.0575322,41.4547672,-74.0875705
360710126012026,360710152006063,1,41.4823471,-74.0627449,41.4547672,-74.0875705
360710128002008,360710152006063,1,41.4698297,-74.0318317,41.4547672,-74.0875705
360710152003052,360710152006063,1,41.491817,-74.1061922,41.4547672,-74.0875705
360710152004004,360710152006063,1,41.4824854,-74.0922244,41.4547672,-74.0875705
360710126012014,360710152006065,1,41.4744048,-74.0496624,41.4540624,-74.0875398
360710126022001,360710152006065,1,41.453347,-74.051145,41.4540624,-74.0875398
360710127004018,360710152006065,1,41.4766083,-74.0214617,41.4540624,-74.0875398
360710152003039,360710152006065,1,41.4866127,-74.0998658,41.4540624,-74.0875398
360710126012006,360710152006066,1,41.4762258,-74.0672837,41.4597034,-74.0921988
360710126023006,360710152006066,1,41.4569091,-74.0584629,41.4597034,-74.0921988
360710152003056,360710152006066,1,41.4875342,-74.10602,41.4597034,-74.0921988
360710126012007,360710152006068,1,41.4819112,-74.0711482,41.4531603,-74.0835096
360710127004018,360710152006069,1,41.4766083,-74.0214617,41.4498522,-74.0877471
360710152003045,360710152006069,2,41.4973308,-74.1031234,41.4498522,-74.0877471
360710152004004,360710152006069,1,41.4824854,-74.0922244,41.4498522,-74.0877471
360710152006031,360710152006071,1,41.4824674,-74.0983132,41.4569131,-74.0950472
360710128003033,360710152006072,1,41.4634337,-74.0353412,41.4557606,-74.099457
360710126012019,360710152006073,1,41.4765339,-74.0575322,41.4536742,-74.0971334
360710152001105,360710152006073,1,41.4862476,-74.109667,41.4536742,-74.0971334
360710126021000,360710152006075,1,41.467769,-74.0501948,41.4501298,-74.0975146
360710152003008,360710152006075,1,41.5121673,-74.1181441,41.4501298,-74.0975146
360710126021004,360710152006078,1,41.4635675,-74.0481642,41.4517617,-74.0759337
360710126023000,360710152006078,1,41.462578,-74.0567773,41.4517617,-74.0759337
360710128002008,360710152006078,1,41.4698297,-74.0318317,41.4517617,-74.0759337
360710126012014,360710152006080,1,41.4744048,-74.0496624,41.4557136,-74.0749006
360710126021004,360710152006080,1,41.4635675,-74.0481642,41.4557136,-74.0749006
360710127004018,360710152006080,1,41.4766083,-74.0214617,41.4557136,-74.0749006
360710126012006,360710152006081,1,41.4762258,-74.0672837,41.4570113,-74.072884
360710152002006,360710152006081,1,41.4730357,-74.1320714,41.4570113,-74.072884
360710126021004,360710152006083,1,41.4635675,-74.0481642,41.4575087,-74.0713935
360710126012019,360710152006084,2,41.4765339,-74.0575322,41.4558906,-74.0683961
360710126022010,360710152006084,1,41.4555782,-74.0613089,41.4558906,-74.0683961
360710126023010,360710152006084,1,41.4579045,-74.053103,41.4558906,-74.0683961
360710152003019,360710152006084,1,41.5008701,-74.1046994,41.4558906,-74.0683961
360710152003045,360710152006084,1,41.4973308,-74.1031234,41.4558906,-74.0683961
360710152003001,360710152006088,1,41.5050572,-74.0778755,41.4540226,-74.0711224
360710126012008,360710152006091,1,41.4818979,-74.0655142,41.4516851,-74.0707158
360710128002019,360710152006091,1,41.4654781,-74.0349138,41.4516851,-74.0707158
360710152003019,360710152006091,2,41.5008701,-74.1046994,41.4516851,-74.0707158
360710152003052,360710152006091,1,41.491817,-74.1061922,41.4516851,-74.0707158
360710126012026,360710152006092,1,41.4823471,-74.0627449,41.4568619,-74.0878264
360710126023010,360710152006092,1,41.4579045,-74.053103,41.4568619,-74.0878264
360710128004006,360710152006092,1,41.464596,-74.0402192,41.4568619,-74.0878264
360710152002009,360710152006092,1,41.4719989,-74.1408221,41.4568619,-74.0878264
360710152006015,360710152006092,1,41.4504523,-74.065907,41.4568619,-74.0878264
360710152003007,360710152006095,1,41.5136264,-74.1108596,41.4509716,-74.0658263
360710126011000,360710126011000,4,41.4866711,-74.0469285,41.4866711,-74.0469285
360710126012006,360710126011000,8,41.4762258,-74.0672837,41.4866711,-74.0469285
360710126012008,360710126011000,1,41.4818979,-74.0655142,41.4866711,-74.0469285
360710126012009,360710126011000,1,41.4848284,-74.0675307,41.4866711,-74.0469285
360710126012019,360710126011000,3,41.4765339,-74.0575322,41.4866711,-74.0469285
360710126021000,360710126011000,2,41.467769,-74.0501948,41.4866711,-74.0469285
360710126021004,360710126011000,1,41.4635675,-74.0481642,41.4866711,-74.0469285
360710126022001,360710126011000,1,41.453347,-74.051145,41.4866711,-74.0469285
360710126022010,360710126011000,2,41.4555782,-74.0613089,41.4866711,-74.0469285
360710126023010,360710126011000,1,41.4579045,-74.053103,41.4866711,-74.0469285
360710127003007,360710126011000,1,41.4824159,-74.0226687,41.4866711,-74.0469285
360710127004012,360710126011000,2,41.4820252,-74.018,41.4866711,-74.0469285
360710128002008,360710126011000,1,41.4698297,-74.0318317,41.4866711,-74.0469285
360710128002014,360710126011000,1,41.4701945,-74.026919,41.4866711,-74.0469285
360710128003001,360710126011000,2,41.4852498,-74.0082136,41.4866711,-74.0469285
360710128003007,360710126011000,1,41.4738928,-74.0138022,41.4866711,-74.0469285
360710128004007,360710126011000,1,41.4656825,-74.036476,41.4866711,-74.0469285
360710152003001,360710126011000,1,41.5050572,-74.0778755,41.4866711,-74.0469285
360710152003007,360710126011000,1,41.5136264,-74.1108596,41.4866711,-74.0469285
360710152003008,360710126011000,1,41.5121673,-74.1181441,41.4866711,-74.0469285
360710152003045,360710126011000,2,41.4973308,-74.1031234,41.4866711,-74.0469285
360710152003047,360710126011000,1,41.4986818,-74.1073648,41.4866711,-74.0469285
360710152005001,360710126011000,1,41.4478302,-74.1264123,41.4866711,-74.0469285
360710126011000,360710126011001,1,41.4866711,-74.0469285,41.4873276,-74.0566521
360710126012019,360710126011001,1,41.4765339,-74.0575322,41.4873276,-74.0566521
360710126012026,360710126011001,1,41.4823471,-74.0627449,41.4873276,-74.0566521
360710126023008,360710126011001,1,41.4563615,-74.054056,41.4873276,-74.0566521
360710152003056,360710126011001,1,41.4875342,-74.10602,41.4873276,-74.0566521
360710152003007,360710126011002,1,41.5136264,-74.1108596,41.4849109,-74.0523936
360710126021000,360710126011003,1,41.467769,-74.0501948,41.485986,-74.063478
360710128003001,360710126011003,1,41.4852498,-74.0082136,41.485986,-74.063478
360710126011000,360710126011004,1,41.4866711,-74.0469285,41.484194,-74.055059
360710126012008,360710126011004,2,41.4818979,-74.0655142,41.484194,-74.055059
360710126012019,360710126011004,1,41.4765339,-74.0575322,41.484194,-74.055059
360710126022001,360710126011004,1,41.453347,-74.051145,41.484194,-74.055059
360710152003007,360710126011004,1,41.5136264,-74.1108596,41.484194,-74.055059
360710152006015,360710126011004,1,41.4504523,-74.065907,41.484194,-74.055059
360710126011000,360710126011005,1,41.4866711,-74.0469285,41.4857378,-74.0541975
360710128003025,360710126011005,1,41.4604431,-74.0283939,41.4857378,-74.0541975
360710126012019,360710126011006,1,41.4765339,-74.0575322,41.4860442,-74.052517
360710127001008,360710126011006,1,41.4797389,-74.031226,41.4860442,-74.052517
360710126021004,360710126011007,1,41.4635675,-74.0481642,41.4850738,-74.0604695
360710128003023,360710126011007,1,41.4610963,-74.0212086,41.4850738,-74.0604695
360710126023010,360710126011008,1,41.4579045,-74.053103,41.4870911,-74.0557996
360710127002002,360710126011008,1,41.4874184,-74.030265,41.4870911,-74.0557996
360710126012008,360710126011009,1,41.4818979,-74.0655142,41.4869741,-74.0527811
360710127001008,360710126011009,1,41.4797389,-74.031226,41.4869741,-74.0527811
360710126012004,360710126011010,1,41.4929784,-74.0766747,41.4834393,-74.05957
360710126012006,360710126011010,2,41.4762258,-74.0672837,41.4834393,-74.05957
360710126012008,360710126011010,2,41.4818979,-74.0655142,41.4834393,-74.05957
360710126012014,360710126011010,2,41.4744048,-74.0496624,41.4834393,-74.05957
360710126012019,360710126011010,2,41.4765339,-74.0575322,41.4834393,-74.05957
360710127001002,360710126011010,1,41.4806924,-74.0365826,41.4834393,-74.05957
360710127001004,360710126011010,1,41.4835203,-74.0328777,41.4834393,-74.05957
360710127004012,360710126011010,1,41.4820252,-74.018,41.4834393,-74.05957
360710127004018,360710126011010,1,41.4766083,-74.0214617,41.4834393,-74.05957
360710128002008,360710126011010,1,41.4698297,-74.0318317,41.4834393,-74.05957
360710128003023,360710126011010,1,41.4610963,-74.0212086,41.4834393,-74.05957
360710128003038,360710126011010,1,41.4630702,-74.0405716,41.4834393,-74.05957
360710152003001,360710126011010,1,41.5050572,-74.0778755,41.4834393,-74.05957
360710152003007,360710126011010,1,41.5136264,-74.1108596,41.4834393,-74.05957
360710126012007,360710126011011,1,41.4819112,-74.0711482,41.4851933,-74.0636196
360710126012019,360710126011011,1,41.4765339,-74.0575322,41.4851933,-74.0636196
360710126012026,360710126011011,1,41.4823471,-74.0627449,41.4851933,-74.0636196
360710126022001,360710126011011,1,41.453347,-74.051145,41.4851933,-74.0636196
360710126022010,360710126011011,1,41.4555782,-74.0613089,41.4851933,-74.0636196
360710128004006,360710126011011,1,41.464596,-74.0402192,41.4851933,-74.0636196
360710126012004,360710126011012,1,41.4929784,-74.0766747,41.4831667,-74.0519212
360710126012006,360710126011012,2,41.4762258,-74.0672837,41.4831667,-74.0519212
360710126012008,360710126011012,1,41.4818979,-74.0655142,41.4831667,-74.0519212
360710126012014,360710126011012,1,41.4744048,-74.0496624,41.4831667,-74.0519212
360710128002014,360710126011012,1,41.4701945,-74.026919,41.4831667,-74.0519212
360710128003001,360710126011012,1,41.4852498,-74.0082136,41.4831667,-74.0519212
360710152003008,360710126011012,1,41.5121673,-74.1181441,41.4831667,-74.0519212
360710126012006,360710126011013,1,41.4762258,-74.0672837,41.4891214,-74.0625609
360710126023002,360710126011013,1,41.4597565,-74.0562759,41.4891214,-74.0625609
360710128003021,360710126011013,1,41.4597911,-74.0199866,41.4891214,-74.0625609
360710126012006,360710126011014,1,41.4762258,-74.0672837,41.4847741,-74.0585365
360710126023000,360710126011014,1,41.462578,-74.0567773,41.4847741,-74.0585365
360710126023010,360710126011014,1,41.4579045,-74.053103,41.4847741,-74.0585365
360710126012006,360710126011015,2,41.4762258,-74.0672837,41.4851246,-74.0533454
360710127002002,360710126011015,1,41.4874184,-74.030265,41.4851246,-74.0533454
360710127002007,360710126011016,1,41.4887751,-74.0268377,41.4831816,-74.0550266
360710128003025,360710126011016,1,41.4604431,-74.0283939,41.4831816,-74.0550266
360710126012008,360710126012000,1,41.4818979,-74.0655142,41.4874042,-74.072083
360710126022001,360710126012006,1,41.453347,-74.051145,41.4762258,-74.0672837
360710152003007,360710126012006,1,41.5136264,-74.1108596,41.4762258,-74.0672837
360710126011000,360710126012008,1,41.4866711,-74.0469285,41.4818979,-74.0655142
360710126011006,360710126012008,1,41.4860442,-74.052517,41.4818979,-74.0655142
360710126012006,360710126012008,1,41.4762258,-74.0672837,41.4818979,-74.0655142
360710127004018,360710126012008,1,41.4766083,-74.0214617,41.4818979,-74.0655142
360710128003001,360710126012008,1,41.4852498,-74.0082136,41.4818979,-74.0655142
360710128003006,360710126012008,1,41.4646851,-74.0178274,41.4818979,-74.0655142
360710152003019,360710126012008,1,41.5008701,-74.1046994,41.4818979,-74.0655142
360710126012004,360710126012009,1,41.4929784,-74.0766747,41.4848284,-74.0675307
360710126012006,360710126012009,1,41.4762258,-74.0672837,41.4848284,-74.0675307
360710128002005,360710126012009,1,41.4653672,-74.0285976,41.4848284,-74.0675307
360710127002016,360710126012010,1,41.4902388,-74.0265146,41.4850562,-74.071214
360710127004005,360710126012012,1,41.4838031,-74.0141577,41.4620703,-74.065297
360710126011000,360710126012014,3,41.4866711,-74.0469285,41.4744048,-74.0496624
360710126012004,360710126012014,1,41.4929784,-74.0766747,41.4744048,-74.0496624
360710126012006,360710126012014,4,41.4762258,-74.0672837,41.4744048,-74.0496624
360710126012008,360710126012014,1,41.4818979,-74.0655142,41.4744048,-74.0496624
360710126012009,360710126012014,1,41.4848284,-74.0675307,41.4744048,-74.0496624
360710126012014,360710126012014,3,41.4744048,-74.0496624,41.4744048,-74.0496624
360710126012019,360710126012014,2,41.4765339,-74.0575322,41.4744048,-74.0496624
360710126022010,360710126012014,1,41.4555782,-74.0613089,41.4744048,-74.0496624
360710126023002,360710126012014,1,41.4597565,-74.0562759,41.4744048,-74.0496624
360710126023006,360710126012014,2,41.4569091,-74.0584629,41.4744048,-74.0496624
360710127001002,360710126012014,1,41.4806924,-74.0365826,41.4744048,-74.0496624
360710127004012,360710126012014,1,41.4820252,-74.018,41.4744048,-74.0496624
360710127004018,360710126012014,1,41.4766083,-74.0214617,41.4744048,-74.0496624
360710128002005,360710126012014,3,41.4653672,-74.0285976,41.4744048,-74.0496624
360710128003023,360710126012014,1,41.4610963,-74.0212086,41.4744048,-74.0496624
360710128003037,360710126012014,1,41.4608308,-74.041484,41.4744048,-74.0496624
360710128004006,360710126012014,1,41.464596,-74.0402192,41.4744048,-74.0496624
360710152003019,360710126012014,1,41.5008701,-74.1046994,41.4744048,-74.0496624
360710152004004,360710126012014,1,41.4824854,-74.0922244,41.4744048,-74.0496624
360710152004015,360710126012014,1,41.4866432,-74.093062,41.4744048,-74.0496624
360710126012006,360710126012015,1,41.4762258,-74.0672837,41.4745028,-74.0461178
360710128003023,360710126012015,1,41.4610963,-74.0212086,41.4745028,-74.0461178
360710152003056,360710126012015,1,41.4875342,-74.10602,41.4745028,-74.0461178
360710127003015,360710126012016,1,41.4764024,-74.0285083,41.4771848,-74.0463116
360710152003008,360710126012016,1,41.5121673,-74.1181441,41.4771848,-74.0463116
360710126012019,360710126012018,1,41.4765339,-74.0575322,41.473788,-74.0453409
360710126022010,360710126012018,1,41.4555782,-74.0613089,41.473788,-74.0453409
360710126011000,360710126012019,1,41.4866711,-74.0469285,41.4765339,-74.0575322
360710126012004,360710126012019,1,41.4929784,-74.0766747,41.4765339,-74.0575322
360710126012006,360710126012019,1,41.4762258,-74.0672837,41.4765339,-74.0575322
360710126012008,360710126012019,1,41.4818979,-74.0655142,41.4765339,-74.0575322
360710126012009,360710126012019,1,41.4848284,-74.0675307,41.4765339,-74.0575322
360710126012014,360710126012019,1,41.4744048,-74.0496624,41.4765339,-74.0575322
360710126012019,360710126012019,4,41.4765339,-74.0575322,41.4765339,-74.0575322
360710126022001,360710126012019,1,41.453347,-74.051145,41.4765339,-74.0575322
360710126022009,360710126012019,1,41.4519602,-74.0602474,41.4765339,-74.0575322
360710126023006,360710126012019,1,41.4569091,-74.0584629,41.4765339,-74.0575322
360710126023010,360710126012019,2,41.4579045,-74.053103,41.4765339,-74.0575322
360710127001002,360710126012019,3,41.4806924,-74.0365826,41.4765339,-74.0575322
360710127001011,360710126012019,1,41.4753139,-74.0411667,41.4765339,-74.0575322
360710128004006,360710126012019,1,41.464596,-74.0402192,41.4765339,-74.0575322
360710152003041,360710126012019,1,41.4917399,-74.102105,41.4765339,-74.0575322
360710152003045,360710126012019,1,41.4973308,-74.1031234,41.4765339,-74.0575322
360710152003056,360710126012019,1,41.4875342,-74.10602,41.4765339,-74.0575322
360710126011000,360710126012020,1,41.4866711,-74.0469285,41.478164,-74.0549696
360710126012006,360710126012021,1,41.4762258,-74.0672837,41.4792211,-74.0567234
360710128002005,360710126012021,2,41.4653672,-74.0285976,41.4792211,-74.0567234
360710152002011,360710126012021,1,41.4707125,-74.1487522,41.4792211,-74.0567234
360710152003001,360710126012021,1,41.5050572,-74.0778755,41.4792211,-74.0567234
360710126012014,360710126012022,1,41.4744048,-74.0496624,41.4800432,-74.0556463
360710126022001,360710126012022,1,41.453347,-74.051145,41.4800432,-74.0556463
360710126012008,360710126012023,1,41.4818979,-74.0655142,41.4776952,-74.056682
360710126012014,360710126012023,1,41.4744048,-74.0496624,41.4776952,-74.056682
360710126023010,360710126012023,1,41.4579045,-74.053103,41.4776952,-74.056682
360710128003025,360710126012023,1,41.4604431,-74.0283939,41.4776952,-74.056682
360710152003045,360710126012023,2,41.4973308,-74.1031234,41.4776952,-74.056682
360710152006014,360710126012023,1,41.4533563,-74.066388,41.4776952,-74.056682
360710127004000,360710126012024,1,41.4892193,-74.0163774,41.4806318,-74.0559723
360710126012004,360710126012028,1,41.4929784,-74.0766747,41.4642521,-74.0596575
360710126012006,360710126012028,1,41.4762258,-74.0672837,41.4642521,-74.0596575
360710126012019,360710126012028,1,41.4765339,-74.0575322,41.4642521,-74.0596575
360710128003023,360710126012028,1,41.4610963,-74.0212086,41.4642521,-74.0596575
360710152003001,360710126012028,1,41.5050572,-74.0778755,41.4642521,-74.0596575
360710152003045,360710126012028,2,41.4973308,-74.1031234,41.4642521,-74.0596575
360710126011000,360710126012029,1,41.4866711,-74.0469285,41.4672437,-74.057185
360710126012004,360710126012029,1,41.4929784,-74.0766747,41.4672437,-74.057185
360710126012006,360710126012029,1,41.4762258,-74.0672837,41.4672437,-74.057185
360710126012008,360710126012029,1,41.4818979,-74.0655142,41.4672437,-74.057185
360710126012014,360710126012029,1,41.4744048,-74.0496624,41.4672437,-74.057185
360710126012019,360710126012029,1,41.4765339,-74.0575322,41.4672437,-74.057185
360710126022010,360710126012029,2,41.4555782,-74.0613089,41.4672437,-74.057185
360710126023000,360710126012029,1,41.462578,-74.0567773,41.4672437,-74.057185
360710126023008,360710126012029,1,41.4563615,-74.054056,41.4672437,-74.057185
360710127001002,360710126012029,2,41.4806924,-74.0365826,41.4672437,-74.057185
360710127002002,360710126012029,1,41.4874184,-74.030265,41.4672437,-74.057185
360710152002000,360710126012029,1,41.4745468,-74.1109213,41.4672437,-74.057185
360710152003001,360710126012029,1,41.5050572,-74.0778755,41.4672437,-74.057185
360710152003008,360710126012029,1,41.5121673,-74.1181441,41.4672437,-74.057185
360710126012014,360710126021000,1,41.4744048,-74.0496624,41.467769,-74.0501948
360710126021000,360710126021000,2,41.467769,-74.0501948,41.467769,-74.0501948
360710126021004,360710126021000,1,41.4635675,-74.0481642,41.467769,-74.0501948
360710126022001,360710126021000,1,41.453347,-74.051145,41.467769,-74.0501948
360710126022009,360710126021000,1,41.4519602,-74.0602474,41.467769,-74.0501948
360710126023010,360710126021000,2,41.4579045,-74.053103,41.467769,-74.0501948
360710127001002,360710126021000,1,41.4806924,-74.0365826,41.467769,-74.0501948
360710128003001,360710126021000,2,41.4852498,-74.0082136,41.467769,-74.0501948
360710128003007,360710126021000,1,41.4738928,-74.0138022,41.467769,-74.0501948
360710152003045,360710126021000,1,41.4973308,-74.1031234,41.467769,-74.0501948
360710126012000,360710126021001,1,41.4874042,-74.072083,41.4659749,-74.0539356
360710126021004,360710126021001,1,41.4635675,-74.0481642,41.4659749,-74.0539356
360710126022010,360710126021001,3,41.4555782,-74.0613089,41.4659749,-74.0539356
360710128003007,360710126021001,1,41.4738928,-74.0138022,41.4659749,-74.0539356
360710152004016,360710126021001,1,41.4845213,-74.0860791,41.4659749,-74.0539356
360710126023002,360710126021002,1,41.4597565,-74.0562759,41.4654504,-74.0546052
360710126022001,360710126021003,1,41.453347,-74.051145,41.4649995,-74.0538252
360710126011000,360710126021004,3,41.4866711,-74.0469285,41.4635675,-74.0481642
360710126012014,360710126021004,1,41.4744048,-74.0496624,41.4635675,-74.0481642
360710126021000,360710126021004,1,41.467769,-74.0501948,41.4635675,-74.0481642
360710126021004,360710126021004,3,41.4635675,-74.0481642,41.4635675,-74.0481642
360710126022001,360710126021004,2,41.453347,-74.051145,41.4635675,-74.0481642
360710126022010,360710126021004,2,41.4555782,-74.0613089,41.4635675,-74.0481642
360710126023010,360710126021004,1,41.4579045,-74.053103,41.4635675,-74.0481642
360710127001002,360710126021004,3,41.4806924,-74.0365826,41.4635675,-74.0481642
360710127002000,360710126021004,1,41.4912689,-74.0250618,41.4635675,-74.0481642
360710127004012,360710126021004,1,41.4820252,-74.018,41.4635675,-74.0481642
360710128004006,360710126021004,2,41.464596,-74.0402192,41.4635675,-74.0481642
360710152003007,360710126021004,1,41.5136264,-74.1108596,41.4635675,-74.0481642
360710152003042,360710126021004,1,41.4894041,-74.1025899,41.4635675,-74.0481642
360710152004004,360710126021004,1,41.4824854,-74.0922244,41.4635675,-74.0481642
360710152006015,360710126021004,1,41.4504523,-74.065907,41.4635675,-74.0481642
360710126012006,360710126021005,1,41.4762258,-74.0672837,41.4600661,-74.0512277
360710126011000,360710126021006,1,41.4866711,-74.0469285,41.4601056,-74.0498002
360710126022001,360710126021006,1,41.453347,-74.051145,41.4601056,-74.0498002
360710128002008,360710126021006,1,41.4698297,-74.0318317,41.4601056,-74.0498002
360710126012019,360710126021007,1,41.4765339,-74.0575322,41.4621581,-74.0501846
360710126021000,360710126021007,1,41.467769,-74.0501948,41.4621581,-74.0501846
360710126021004,360710126021007,1,41.4635675,-74.0481642,41.4621581,-74.0501846
360710128002002,360710126021007,1,41.4653553,-74.025792,41.4621581,-74.0501846
360710128004006,360710126021007,1,41.464596,-74.0402192,41.4621581,-74.0501846
360710126012004,360710126021008,1,41.4929784,-74.0766747,41.462032,-74.0475843
360710126021000,360710126021008,2,41.467769,-74.0501948,41.462032,-74.0475843
360710152003008,360710126021008,1,41.5121673,-74.1181441,41.462032,-74.0475843
360710126023002,360710126021009,1,41.4597565,-74.0562759,41.4593384,-74.0488626
360710128003023,360710126021009,1,41.4610963,-74.0212086,41.4593384,-74.0488626
360710152006028,360710126021009,1,41.4788455,-74.1021335,41.4593384,-74.0488626
360710126012014,360710126021010,1,41.4744048,-74.0496624,41.4582912,-74.0482198
360710126023000,360710126021010,1,41.462578,-74.0567773,41.4582912,-74.0482198
360710126023002,360710126021010,1,41.4597565,-74.0562759,41.4582912,-74.0482198
360710126011000,360710126021011,1,41.4866711,-74.0469285,41.4618068,-74.048683
360710126012019,360710126021011,1,41.4765339,-74.0575322,41.4618068,-74.048683
360710126022009,360710126021011,1,41.4519602,-74.0602474,41.4618068,-74.048683
360710126011000,360710126022001,1,41.4866711,-74.0469285,41.453347,-74.051145
360710126012019,360710126022001,1,41.4765339,-74.0575322,41.453347,-74.051145
360710126021000,360710126022001,1,41.467769,-74.0501948,41.453347,-74.051145
360710126022006,360710126022001,1,41.4540112,-74.0523403,41.453347,-74.051145
360710126023002,360710126022001,1,41.4597565,-74.0562759,41.453347,-74.051145
360710126023008,360710126022001,2,41.4563615,-74.054056,41.453347,-74.051145
360710126023010,360710126022001,1,41.4579045,-74.053103,41.453347,-74.051145
360710127001002,360710126022001,1,41.4806924,-74.0365826,41.453347,-74.051145
360710127002002,360710126022001,1,41.4874184,-74.030265,41.453347,-74.051145
360710128003001,360710126022001,1,41.4852498,-74.0082136,41.453347,-74.051145
360710152003007,360710126022001,1,41.5136264,-74.1108596,41.453347,-74.051145
360710152003039,360710126022001,1,41.4866127,-74.0998658,41.453347,-74.051145
360710152003047,360710126022001,1,41.4986818,-74.1073648,41.453347,-74.051145
360710152006014,360710126022001,1,41.4533563,-74.066388,41.453347,-74.051145
360710126012026,360710126022002,1,41.4823471,-74.0627449,41.4522124,-74.0540272
360710126023010,360710126022003,1,41.4579045,-74.053103,41.4530708,-74.0516781
360710126012006,360710126022006,2,41.4762258,-74.0672837,41.4540112,-74.0523403
360710126012014,360710126022006,1,41.4744048,-74.0496624,41.4540112,-74.0523403
360710126012019,360710126022006,1,41.4765339,-74.0575322,41.4540112,-74.0523403
360710126021000,360710126022006,1,41.467769,-74.0501948,41.4540112,-74.0523403
360710126021004,360710126022006,5,41.4635675,-74.0481642,41.4540112,-74.0523403
360710126022001,360710126022006,1,41.453347,-74.051145,41.4540112,-74.0523403
360710126022010,360710126022006,2,41.4555782,-74.0613089,41.4540112,-74.0523403
360710126023000,360710126022006,1,41.462578,-74.0567773,41.4540112,-74.0523403
360710126023008,360710126022006,1,41.4563615,-74.054056,41.4540112,-74.0523403
360710127001004,360710126022006,1,41.4835203,-74.0328777,41.4540112,-74.0523403
360710127003011,360710126022006,1,41.4798401,-74.0253321,41.4540112,-74.0523403
360710127004012,360710126022006,1,41.4820252,-74.018,41.4540112,-74.0523403
360710127004018,360710126022006,1,41.4766083,-74.0214617,41.4540112,-74.0523403
360710128002014,360710126022006,1,41.4701945,-74.026919,41.4540112,-74.0523403
360710128003001,360710126022006,1,41.4852498,-74.0082136,41.4540112,-74.0523403
360710128003007,360710126022006,1,41.4738928,-74.0138022,41.4540112,-74.0523403
360710128003017,360710126022006,1,41.4724761,-74.0172885,41.4540112,-74.0523403
360710128003025,360710126022006,1,41.4604431,-74.0283939,41.4540112,-74.0523403
360710152003001,360710126022006,1,41.5050572,-74.0778755,41.4540112,-74.0523403
360710152003007,360710126022006,1,41.5136264,-74.1108596,41.4540112,-74.0523403
360710152003045,360710126022006,1,41.4973308,-74.1031234,41.4540112,-74.0523403
360710152004015,360710126022006,1,41.4866432,-74.093062,41.4540112,-74.0523403
360710128002008,360710126022007,1,41.4698297,-74.0318317,41.4537257,-74.0529791
360710126012014,360710126022008,1,41.4744048,-74.0496624,41.4530744,-74.0540251
360710126012019,360710126022008,1,41.4765339,-74.0575322,41.4530744,-74.0540251
360710126012019,360710126022009,2,41.4765339,-74.0575322,41.4519602,-74.0602474
360710126023000,360710126022009,1,41.462578,-74.0567773,41.4519602,-74.0602474
360710127003011,360710126022009,1,41.4798401,-74.0253321,41.4519602,-74.0602474
360710128003052,360710126022009,1,41.4551667,-74.0257871,41.4519602,-74.0602474
360710126011000,360710126022010,1,41.4866711,-74.0469285,41.4555782,-74.0613089
360710128002002,360710126022010,1,41.4653553,-74.025792,41.4555782,-74.0613089
360710126011000,360710126023000,2,41.4866711,-74.0469285,41.462578,-74.0567773
360710126011006,360710126023000,1,41.4860442,-74.052517,41.462578,-74.0567773
360710126012006,360710126023000,3,41.4762258,-74.0672837,41.462578,-74.0567773
360710126021004,360710126023000,1,41.4635675,-74.0481642,41.462578,-74.0567773
360710126022001,360710126023000,2,41.453347,-74.051145,41.462578,-74.0567773
360710126022009,360710126023000,1,41.4519602,-74.0602474,41.462578,-74.0567773
360710126022010,360710126023000,6,41.4555782,-74.0613089,41.462578,-74.0567773
360710126023002,360710126023000,1,41.4597565,-74.0562759,41.462578,-74.0567773
360710126023006,360710126023000,1,41.4569091,-74.0584629,41.462578,-74.0567773
360710126023008,360710126023000,1,41.4563615,-74.054056,41.462578,-74.0567773
360710127001002,360710126023000,1,41.4806924,-74.0365826,41.462578,-74.0567773
360710127004012,360710126023000,2,41.4820252,-74.018,41.462578,-74.0567773
360710128003025,360710126023000,1,41.4604431,-74.0283939,41.462578,-74.0567773
360710128004006,360710126023000,1,41.464596,-74.0402192,41.462578,-74.0567773
360710152003007,360710126023000,1,41.5136264,-74.1108596,41.462578,-74.0567773
360710152003019,360710126023000,1,41.5008701,-74.1046994,41.462578,-74.0567773
360710152003056,360710126023000,1,41.4875342,-74.10602,41.462578,-74.0567773
360710152004014,360710126023000,1,41.487026,-74.0850105,41.462578,-74.0567773
360710126012008,360710126023001,1,41.4818979,-74.0655142,41.4614663,-74.0576111
360710126012014,360710126023001,1,41.4744048,-74.0496624,41.4614663,-74.0576111
360710126012019,360710126023001,1,41.4765339,-74.0575322,41.4614663,-74.0576111
360710126021000,360710126023001,1,41.467769,-74.0501948,41.4614663,-74.0576111
360710126021004,360710126023001,2,41.4635675,-74.0481642,41.4614663,-74.0576111
360710126022001,360710126023001,1,41.453347,-74.051145,41.4614663,-74.0576111
360710126022010,360710126023001,4,41.4555782,-74.0613089,41.4614663,-74.0576111
360710126023000,360710126023001,1,41.462578,-74.0567773,41.4614663,-74.0576111
360710126023006,360710126023001,1,41.4569091,-74.0584629,41.4614663,-74.0576111
360710126023010,360710126023001,2,41.4579045,-74.053103,41.4614663,-74.0576111
360710127001002,360710126023001,1,41.4806924,-74.0365826,41.4614663,-74.0576111
360710152003007,360710126023001,1,41.5136264,-74.1108596,41.4614663,-74.0576111
360710152003019,360710126023001,1,41.5008701,-74.1046994,41.4614663,-74.0576111
360710152003042,360710126023001,1,41.4894041,-74.1025899,41.4614663,-74.0576111
360710152006015,360710126023001,1,41.4504523,-74.065907,41.4614663,-74.0576111
360710152006028,360710126023001,1,41.4788455,-74.1021335,41.4614663,-74.0576111
360710126012014,360710126023002,1,41.4744048,-74.0496624,41.4597565,-74.0562759
360710126012019,360710126023002,1,41.4765339,-74.0575322,41.4597565,-74.0562759
360710126021000,360710126023002,1,41.467769,-74.0501948,41.4597565,-74.0562759
360710126021004,360710126023002,3,41.4635675,-74.0481642,41.4597565,-74.0562759
360710126022001,360710126023002,1,41.453347,-74.051145,41.4597565,-74.0562759
360710126022010,360710126023002,1,41.4555782,-74.0613089,41.4597565,-74.0562759
360710126023000,360710126023002,1,41.462578,-74.0567773,41.4597565,-74.0562759
360710126023002,360710126023002,1,41.4597565,-74.0562759,41.4597565,-74.0562759
360710127004016,360710126023002,1,41.4785549,-74.0197828,41.4597565,-74.0562759
360710128002008,360710126023002,1,41.4698297,-74.0318317,41.4597565,-74.0562759
360710152004004,360710126023002,1,41.4824854,-74.0922244,41.4597565,-74.0562759
360710152006015,360710126023002,1,41.4504523,-74.065907,41.4597565,-74.0562759
360710128003038,360710126023003,1,41.4630702,-74.0405716,41.4584172,-74.0581719
360710126012006,360710126023006,1,41.4762258,-74.0672837,41.4569091,-74.0584629
360710127002002,360710126023006,1,41.4874184,-74.030265,41.4569091,-74.0584629
360710128003034,360710126023006,1,41.4580349,-74.0361917,41.4569091,-74.0584629
360710126021004,360710126023008,2,41.4635675,-74.0481642,41.4563615,-74.054056
360710126022009,360710126023008,1,41.4519602,-74.0602474,41.4563615,-74.054056
360710127004005,360710126023008,1,41.4838031,-74.0141577,41.4563615,-74.054056
360710128003023,360710126023008,1,41.4610963,-74.0212086,41.4563615,-74.054056
360710126012006,360710126023009,1,41.4762258,-74.0672837,41.4564613,-74.0516865
360710126012008,360710126023009,1,41.4818979,-74.0655142,41.4564613,-74.0516865
360710126012019,360710126023009,2,41.4765339,-74.0575322,41.4564613,-74.0516865
360710126023010,360710126023009,2,41.4579045,-74.053103,41.4564613,-74.0516865
360710127002012,360710126023009,1,41.4896814,-74.023021,41.4564613,-74.0516865
360710127004012,360710126023009,1,41.4820252,-74.018,41.4564613,-74.0516865
360710152003001,360710126023009,1,41.5050572,-74.0778755,41.4564613,-74.0516865
360710152003019,360710126023009,1,41.5008701,-74.1046994,41.4564613,-74.0516865
360710152006028,360710126023009,1,41.4788455,-74.1021335,41.4564613,-74.0516865
360710152006048,360710126023009,1,41.4600417,-74.0952616,41.4564613,-74.0516865
360710126021004,360710126023010,1,41.4635675,-74.0481642,41.4579045,-74.053103
360710126022001,360710126023010,1,41.453347,-74.051145,41.4579045,-74.053103
360710126022010,360710126023010,1,41.4555782,-74.0613089,41.4579045,-74.053103
360710126023010,360710126023010,1,41.4579045,-74.053103,41.4579045,-74.053103
360710128002014,360710126023010,1,41.4701945,-74.026919,41.4579045,-74.053103
360710128003023,360710126023010,1,41.4610963,-74.0212086,41.4579045,-74.053103
360710152003007,360710126023010,1,41.5136264,-74.1108596,41.4579045,-74.053103
360710152003056,360710126023010,1,41.4875342,-74.10602,41.4579045,-74.053103
360710126012014,360710127001002,1,41.4744048,-74.0496624,41.4806924,-74.0365826
360710126022001,360710127001002,1,41.453347,-74.051145,41.4806924,-74.0365826
360710126022010,360710127001002,1,41.4555782,-74.0613089,41.4806924,-74.0365826
360710126023010,360710127001002,1,41.4579045,-74.053103,41.4806924,-74.0365826
360710127004000,360710127001002,1,41.4892193,-74.0163774,41.4806924,-74.0365826
360710128002005,360710127001002,1,41.4653672,-74.0285976,41.4806924,-74.0365826
360710152002011,360710127001002,1,41.4707125,-74.1487522,41.4806924,-74.0365826
360710152005013,360710127001002,1,41.448558,-74.1169295,41.4806924,-74.0365826
360710152003042,360710127001004,1,41.4894041,-74.1025899,41.4835203,-74.0328777
360710126022010,360710127001005,1,41.4555782,-74.0613089,41.4825368,-74.0298229
360710126012019,360710127001006,1,41.4765339,-74.0575322,41.481667,-74.0303971
360710127004018,360710127001006,1,41.4766083,-74.0214617,41.481667,-74.0303971
360710128003033,360710127001006,1,41.4634337,-74.0353412,41.481667,-74.0303971
360710127001002,360710127001007,2,41.4806924,-74.0365826,41.4807927,-74.0308761
360710127002002,360710127001007,1,41.4874184,-74.030265,41.4807927,-74.0308761
360710128003001,360710127001007,1,41.4852498,-74.0082136,41.4807927,-74.0308761
360710127001004,360710127001008,1,41.4835203,-74.0328777,41.4797389,-74.031226
360710126012014,360710127001009,1,41.4744048,-74.0496624,41.4761073,-74.041625
360710126012014,360710127001010,1,41.4744048,-74.0496624,41.4764245,-74.0424414
360710126012019,360710127001010,2,41.4765339,-74.0575322,41.4764245,-74.0424414
360710126012026,360710127001010,1,41.4823471,-74.0627449,41.4764245,-74.0424414
360710127002014,360710127001010,1,41.4892023,-74.0239824,41.4764245,-74.0424414
360710126011000,360710127001011,1,41.4866711,-74.0469285,41.4753139,-74.0411667
360710126023002,360710127001011,1,41.4597565,-74.0562759,41.4753139,-74.0411667
360710127001004,360710127001011,1,41.4835203,-74.0328777,41.4753139,-74.0411667
360710127003015,360710127001011,1,41.4764024,-74.0285083,41.4753139,-74.0411667
360710128003001,360710127001011,1,41.4852498,-74.0082136,41.4753139,-74.0411667
360710152004014,360710127001011,1,41.487026,-74.0850105,41.4753139,-74.0411667
360710126012007,360710127001012,1,41.4819112,-74.0711482,41.4759034,-74.0383064
360710128002005,360710127001012,1,41.4653672,-74.0285976,41.4759034,-74.0383064
360710128003001,360710127001012,1,41.4852498,-74.0082136,41.4759034,-74.0383064
360710152003007,360710127001012,1,41.5136264,-74.1108596,41.4759034,-74.0383064
360710126012006,360710127001013,1,41.4762258,-74.0672837,41.4733656,-74.0420148
360710126012009,360710127001013,1,41.4848284,-74.0675307,41.4733656,-74.0420148
360710126012026,360710127001013,1,41.4823471,-74.0627449,41.4733656,-74.0420148
360710152003052,360710127001013,1,41.491817,-74.1061922,41.4733656,-74.0420148
360710126012007,360710127001014,1,41.4819112,-74.0711482,41.4711904,-74.0453331
360710126012019,360710127001014,3,41.4765339,-74.0575322,41.4711904,-74.0453331
360710126022001,360710127001014,1,41.453347,-74.051145,41.4711904,-74.0453331
360710127002002,360710127001014,1,41.4874184,-74.030265,41.4711904,-74.0453331
360710152003004,360710127001014,1,41.5067822,-74.0989536,41.4711904,-74.0453331
360710126023010,360710127001016,1,41.4579045,-74.053103,41.4730881,-74.0434467
360710127002014,360710127001016,1,41.4892023,-74.0239824,41.4730881,-74.0434467
360710152006026,360710127001016,1,41.470195,-74.0992582,41.4730881,-74.0434467
360710126012014,360710127001017,1,41.4744048,-74.0496624,41.4719833,-74.043858
360710127001002,360710127001017,1,41.4806924,-74.0365826,41.4719833,-74.043858
360710127004018,360710127001017,1,41.4766083,-74.0214617,41.4719833,-74.043858
360710126012014,360710127002000,1,41.4744048,-74.0496624,41.4912689,-74.0250618
360710126012019,360710127002000,1,41.4765339,-74.0575322,41.4912689,-74.0250618
360710126021004,360710127002000,1,41.4635675,-74.0481642,41.4912689,-74.0250618
360710127004000,360710127002000,1,41.4892193,-74.0163774,41.4912689,-74.0250618
360710152002011,360710127002000,1,41.4707125,-74.1487522,41.4912689,-74.0250618
360710127004012,360710127002001,1,41.4820252,-74.018,41.4908831,-74.028606
360710128003023,360710127002001,1,41.4610963,-74.0212086,41.4908831,-74.028606
360710152003056,360710127002001,1,41.4875342,-74.10602,41.4908831,-74.028606
360710126012019,360710127002002,2,41.4765339,-74.0575322,41.4874184,-74.030265
360710127001002,360710127002002,1,41.4806924,-74.0365826,41.4874184,-74.030265
360710127001004,360710127002002,2,41.4835203,-74.0328777,41.4874184,-74.030265
360710127002002,360710127002002,1,41.4874184,-74.030265,41.4874184,-74.030265
360710127002014,360710127002002,1,41.4892023,-74.0239824,41.4874184,-74.030265
360710127004000,360710127002002,1,41.4892193,-74.0163774,41.4874184,-74.030265
360710152003001,360710127002002,1,41.5050572,-74.0778755,41.4874184,-74.030265
360710126021004,360710127002003,1,41.4635675,-74.0481642,41.485881,-74.0274874
360710127001002,360710127002003,1,41.4806924,-74.0365826,41.485881,-74.0274874
360710127002007,360710127002003,1,41.4887751,-74.0268377,41.485881,-74.0274874
360710126012019,360710127002005,1,41.4765339,-74.0575322,41.487117,-74.0272724
360710127001002,360710127002006,1,41.4806924,-74.0365826,41.4864069,-74.0259253
360710127004005,360710127002006,1,41.4838031,-74.0141577,41.4864069,-74.0259253
360710128002005,360710127002006,1,41.4653672,-74.0285976,41.4864069,-74.0259253
360710127002021,360710127002007,1,41.4880405,-74.0254213,41.4887751,-74.0268377
360710127004000,360710127002007,1,41.4892193,-74.0163774,41.4887751,-74.0268377
360710127004012,360710127002007,1,41.4820252,-74.018,41.4887751,-74.0268377
360710128003001,360710127002007,1,41.4852498,-74.0082136,41.4887751,-74.0268377
360710128003038,360710127002007,1,41.4630702,-74.0405716,41.4887751,-74.0268377
360710152004008,360710127002007,1,41.4818751,-74.0967508,41.4887751,-74.0268377
360710128003017,360710127002008,1,41.4724761,-74.0172885,41.489782,-74.0285404
360710152003056,360710127002008,1,41.4875342,-74.10602,41.489782,-74.0285404
360710127001011,360710127002009,1,41.4753139,-74.0411667,41.4892067,-74.027521
360710126012006,360710127002010,1,41.4762258,-74.0672837,41.487315,-74.024021
360710127004018,360710127002010,1,41.4766083,-74.0214617,41.487315,-74.024021
360710126021004,360710127002011,1,41.4635675,-74.0481642,41.4885736,-74.0228472
360710127001004,360710127002011,1,41.4835203,-74.0328777,41.4885736,-74.0228472
360710128002005,360710127002011,1,41.4653672,-74.0285976,41.4885736,-74.0228472
360710126011000,360710127002013,2,41.4866711,-74.0469285,41.4903201,-74.022829
360710126012006,360710127002013,1,41.4762258,-74.0672837,41.4903201,-74.022829
360710127001008,360710127002013,1,41.4797389,-74.031226,41.4903201,-74.022829
360710152006015,360710127002013,1,41.4504523,-74.065907,41.4903201,-74.022829
360710126022010,360710127002015,1,41.4555782,-74.0613089,41.4895214,-74.025068
360710126012019,360710127002016,1,41.4765339,-74.0575322,41.4902388,-74.0265146
360710126022010,360710127002016,1,41.4555782,-74.0613089,41.4902388,-74.0265146
360710152002030,360710127002016,1,41.4618618,-74.135177,41.4902388,-74.0265146
360710152003019,360710127002016,1,41.5008701,-74.1046994,41.4902388,-74.0265146
360710126012019,360710127002017,1,41.4765339,-74.0575322,41.4876983,-74.0247419
360710126012019,360710127002018,1,41.4765339,-74.0575322,41.4887118,-74.0237962
360710127004016,360710127002018,1,41.4785549,-74.0197828,41.4887118,-74.0237962
360710126011000,360710127002020,1,41.4866711,-74.0469285,41.4883909,-74.0261088
360710126012014,360710127002021,2,41.4744048,-74.0496624,41.4880405,-74.0254213
360710127001004,360710127002021,1,41.4835203,-74.0328777,41.4880405,-74.0254213
360710152005013,360710127002021,1,41.448558,-74.1169295,41.4880405,-74.0254213
360710126011000,360710127002022,1,41.4866711,-74.0469285,41.4867672,-74.0265792
360710126012006,360710127002022,1,41.4762258,-74.0672837,41.4867672,-74.0265792
360710126021004,360710127003000,1,41.4635675,-74.0481642,41.4892942,-74.0209219
360710126022010,360710127003000,1,41.4555782,-74.0613089,41.4892942,-74.0209219
360710127004000,360710127003000,1,41.4892193,-74.0163774,41.4892942,-74.0209219
360710127004012,360710127003000,1,41.4820252,-74.018,41.4892942,-74.0209219
360710127003007,360710127003001,1,41.4824159,-74.0226687,41.4863725,-74.0215045
360710126012008,360710127003004,1,41.4818979,-74.0655142,41.4841509,-74.0241432
360710126012014,360710127003004,2,41.4744048,-74.0496624,41.4841509,-74.0241432
360710127002002,360710127003004,1,41.4874184,-74.030265,41.4841509,-74.0241432
360710127004000,360710127003004,1,41.4892193,-74.0163774,41.4841509,-74.0241432
360710152002016,360710127003004,1,41.4568761,-74.1470664,41.4841509,-74.0241432
360710152003052,360710127003004,1,41.491817,-74.1061922,41.4841509,-74.0241432
360710152003056,360710127003006,1,41.4875342,-74.10602,41.4833783,-74.0264309
360710126012006,360710127003007,1,41.4762258,-74.0672837,41.4824159,-74.0226687
360710126023006,360710127003007,1,41.4569091,-74.0584629,41.4824159,-74.0226687
360710127002002,360710127003007,1,41.4874184,-74.030265,41.4824159,-74.0226687
360710127003000,360710127003007,1,41.4892942,-74.0209219,41.4824159,-74.0226687
360710127004000,360710127003007,1,41.4892193,-74.0163774,41.4824159,-74.0226687
360710152005013,360710127003007,1,41.448558,-74.1169295,41.4824159,-74.0226687
360710126022010,360710127003009,1,41.4555782,-74.0613089,41.4829613,-74.0206261
360710127001002,360710127003009,1,41.4806924,-74.0365826,41.4829613,-74.0206261
360710152003004,360710127003009,1,41.5067822,-74.0989536,41.4829613,-74.0206261
360710126011000,360710127003011,1,41.4866711,-74.0469285,41.4798401,-74.0253321
360710126012006,360710127003011,2,41.4762258,-74.0672837,41.4798401,-74.0253321
360710126012014,360710127003011,1,41.4744048,-74.0496624,41.4798401,-74.0253321
360710126012019,360710127003011,2,41.4765339,-74.0575322,41.4798401,-74.0253321
360710126022001,360710127003011,2,41.453347,-74.051145,41.4798401,-74.0253321
360710127001002,360710127003011,1,41.4806924,-74.0365826,41.4798401,-74.0253321
360710127002021,360710127003011,1,41.4880405,-74.0254213,41.4798401,-74.0253321
360710127004018,360710127003011,2,41.4766083,-74.0214617,41.4798401,-74.0253321
360710128002008,360710127003011,1,41.4698297,-74.0318317,41.4798401,-74.0253321
360710128002014,360710127003011,2,41.4701945,-74.026919,41.4798401,-74.0253321
360710128003023,360710127003011,1,41.4610963,-74.0212086,41.4798401,-74.0253321
360710128004006,360710127003011,1,41.464596,-74.0402192,41.4798401,-74.0253321
360710126011000,360710127003012,1,41.4866711,-74.0469285,41.4805433,-74.0250147
360710127001004,360710127003012,1,41.4835203,-74.0328777,41.4805433,-74.0250147
360710126012019,360710127003013,1,41.4765339,-74.0575322,41.4827361,-74.0262892
360710126012008,360710127003015,1,41.4818979,-74.0655142,41.4764024,-74.0285083
360710127004000,360710127003015,1,41.4892193,-74.0163774,41.4764024,-74.0285083
360710127004001,360710127004001,1,41.4890363,-74.0191828,41.4890363,-74.0191828
360710128003023,360710127004002,1,41.4610963,-74.0212086,41.489934,-74.0197876
360710128003034,360710127004002,1,41.4580349,-74.0361917,41.489934,-74.0197876
360710126011000,360710127004005,1,41.4866711,-74.0469285,41.4838031,-74.0141577
360710126012008,360710127004005,1,41.4818979,-74.0655142,41.4838031,-74.0141577
360710126022001,360710127004005,3,41.453347,-74.051145,41.4838031,-74.0141577
360710127001004,360710127004005,1,41.4835203,-74.0328777,41.4838031,-74.0141577
360710127002014,360710127004005,1,41.4892023,-74.0239824,41.4838031,-74.0141577
360710128003021,360710127004005,1,41.4597911,-74.0199866,41.4838031,-74.0141577
360710128003033,360710127004005,1,41.4634337,-74.0353412,41.4838031,-74.0141577
360710128003052,360710127004005,1,41.4551667,-74.0257871,41.4838031,-74.0141577
360710152003007,360710127004005,1,41.5136264,-74.1108596,41.4838031,-74.0141577
360710126011000,360710127004010,1,41.4866711,-74.0469285,41.475739,-74.0142743
360710126012014,360710127004012,1,41.4744048,-74.0496624,41.4820252,-74.018
360710126012019,360710127004012,1,41.4765339,-74.0575322,41.4820252,-74.018
360710126022001,360710127004012,1,41.453347,-74.051145,41.4820252,-74.018
360710126022010,360710127004012,1,41.4555782,-74.0613089,41.4820252,-74.018
360710126023002,360710127004012,1,41.4597565,-74.0562759,41.4820252,-74.018
360710127001001,360710127004012,1,41.4895934,-74.0342467,41.4820252,-74.018
360710127001002,360710127004012,1,41.4806924,-74.0365826,41.4820252,-74.018
360710127001004,360710127004012,1,41.4835203,-74.0328777,41.4820252,-74.018
360710127001006,360710127004012,1,41.481667,-74.0303971,41.4820252,-74.018
360710127003011,360710127004012,1,41.4798401,-74.0253321,41.4820252,-74.018
360710127004018,360710127004012,1,41.4766083,-74.0214617,41.4820252,-74.018
360710128002002,360710127004012,1,41.4653553,-74.025792,41.4820252,-74.018
360710128002016,360710127004012,1,41.4640578,-74.0219439,41.4820252,-74.018
360710128004006,360710127004012,2,41.464596,-74.0402192,41.4820252,-74.018
360710126011000,360710127004013,1,41.4866711,-74.0469285,41.4777561,-74.0174926
360710127001004,360710127004013,1,41.4835203,-74.0328777,41.4777561,-74.0174926
360710126012019,360710127004014,1,41.4765339,-74.0575322,41.4851383,-74.019033
360710126012006,360710127004015,1,41.4762258,-74.0672837,41.483694,-74.0178214
360710126012019,360710127004015,1,41.4765339,-74.0575322,41.483694,-74.0178214
360710127001002,360710127004015,1,41.4806924,-74.0365826,41.483694,-74.0178214
360710127002014,360710127004015,1,41.4892023,-74.0239824,41.483694,-74.0178214
360710126012004,360710127004016,1,41.4929784,-74.0766747,41.4785549,-74.0197828
360710126012012,360710127004017,1,41.4620703,-74.065297,41.4761406,-74.0187847
360710126021004,360710127004017,2,41.4635675,-74.0481642,41.4761406,-74.0187847
360710128003034,360710127004017,1,41.4580349,-74.0361917,41.4761406,-74.0187847
360710152003052,360710127004017,1,41.491817,-74.1061922,41.4761406,-74.0187847
360710152006001,360710127004017,1,41.4856736,-74.080797,41.4761406,-74.0187847
360710126012019,360710127004018,1,41.4765339,-74.0575322,41.4766083,-74.0214617
360710126023000,360710127004018,1,41.462578,-74.0567773,41.4766083,-74.0214617
360710126011000,360710127004019,1,41.4866711,-74.0469285,41.4776714,-74.0218194
360710126012014,360710127005001,1,41.4744048,-74.0496624,41.4727821,-74.0184835
360710127001004,360710127005001,1,41.4835203,-74.0328777,41.4727821,-74.0184835
360710127002002,360710127005001,1,41.4874184,-74.030265,41.4727821,-74.0184835
360710152004012,360710127005001,1,41.487421,-74.0877303,41.4727821,-74.0184835
360710126011000,360710127005003,1,41.4866711,-74.0469285,41.4748697,-74.0215851
360710126023000,360710127005003,1,41.462578,-74.0567773,41.4748697,-74.0215851
360710127001002,360710127005003,1,41.4806924,-74.0365826,41.4748697,-74.0215851
360710128003001,360710127005003,1,41.4852498,-74.0082136,41.4748697,-74.0215851
360710152001105,360710127005003,1,41.4862476,-74.109667,41.4748697,-74.0215851
360710152006031,360710127005003,1,41.4824674,-74.0983132,41.4748697,-74.0215851
360710126012019,360710127005004,1,41.4765339,-74.0575322,41.4742312,-74.0232943
360710126011000,360710127005005,1,41.4866711,-74.0469285,41.47373,-74.023668
360710126022010,360710127005005,2,41.4555782,-74.0613089,41.47373,-74.023668
360710127001001,360710127005005,1,41.4895934,-74.0342467,41.47373,-74.023668
360710127001002,360710127005005,1,41.4806924,-74.0365826,41.47373,-74.023668
360710128004006,360710127005005,1,41.464596,-74.0402192,41.47373,-74.023668
360710126012006,360710127005007,1,41.4762258,-74.0672837,41.4737841,-74.0226634
360710126012008,360710127005007,1,41.4818979,-74.0655142,41.4737841,-74.0226634
360710127001002,360710127005007,1,41.4806924,-74.0365826,41.4737841,-74.0226634
360710127004012,360710127005007,1,41.4820252,-74.018,41.4737841,-74.0226634
360710128003025,360710127005007,1,41.4604431,-74.0283939,41.4737841,-74.0226634
360710152003056,360710127005007,1,41.4875342,-74.10602,41.4737841,-74.0226634
360710126011000,360710127005008,1,41.4866711,-74.0469285,41.4718226,-74.0207354
360710126012019,360710127005008,1,41.4765339,-74.0575322,41.4718226,-74.0207354
360710126022001,360710127005008,1,41.453347,-74.051145,41.4718226,-74.0207354
360710126022010,360710127005008,3,41.4555782,-74.0613089,41.4718226,-74.0207354
360710126023002,360710127005008,1,41.4597565,-74.0562759,41.4718226,-74.0207354
360710127001006,360710127005008,1,41.481667,-74.0303971,41.4718226,-74.0207354
360710127001011,360710127005008,1,41.4753139,-74.0411667,41.4718226,-74.0207354
360710127002016,360710127005008,1,41.4902388,-74.0265146,41.4718226,-74.0207354
360710127004005,360710127005008,1,41.4838031,-74.0141577,41.4718226,-74.0207354
360710128002008,360710127005008,1,41.4698297,-74.0318317,41.4718226,-74.0207354
360710128003033,360710127005008,1,41.4634337,-74.0353412,41.4718226,-74.0207354
360710152003042,360710127005008,1,41.4894041,-74.1025899,41.4718226,-74.0207354
360710126012014,360710127005010,1,41.4744048,-74.0496624,41.4702599,-74.020827
360710127001002,360710127005011,1,41.4806924,-74.0365826,41.4732362,-74.0230012
360710127004012,360710127005011,1,41.4820252,-74.018,41.4732362,-74.0230012
360710126021000,360710127005012,1,41.467769,-74.0501948,41.4732714,-74.0245949
360710126021004,360710127005012,1,41.4635675,-74.0481642,41.4732714,-74.0245949
360710127001004,360710127005012,1,41.4835203,-74.0328777,41.4732714,-74.0245949
360710127002014,360710127005012,1,41.4892023,-74.0239824,41.4732714,-74.0245949
360710127004005,360710127005012,1,41.4838031,-74.0141577,41.4732714,-74.0245949
360710126011000,360710128001000,1,41.4866711,-74.0469285,41.4749685,-74.0361803
360710126012006,360710128001000,1,41.4762258,-74.0672837,41.4749685,-74.0361803
360710126012008,360710128001000,1,41.4818979,-74.0655142,41.4749685,-74.0361803
360710126021004,360710128001000,1,41.4635675,-74.0481642,41.4749685,-74.0361803
360710126022001,360710128001000,1,41.453347,-74.051145,41.4749685,-74.0361803
360710126022010,360710128001000,1,41.4555782,-74.0613089,41.4749685,-74.0361803
360710127001002,360710128001000,1,41.4806924,-74.0365826,41.4749685,-74.0361803
360710127001004,360710128001000,1,41.4835203,-74.0328777,41.4749685,-74.0361803
360710127004018,360710128001000,1,41.4766083,-74.0214617,41.4749685,-74.0361803
360710128003023,360710128001000,1,41.4610963,-74.0212086,41.4749685,-74.0361803
360710152003001,360710128001000,1,41.5050572,-74.0778755,41.4749685,-74.0361803
360710152003056,360710128001000,1,41.4875342,-74.10602,41.4749685,-74.0361803
360710152006015,360710128001000,1,41.4504523,-74.065907,41.4749685,-74.0361803
360710126011000,360710128001005,1,41.4866711,-74.0469285,41.4748527,-74.0340176
360710127001002,360710128001005,1,41.4806924,-74.0365826,41.4748527,-74.0340176
360710126012006,360710128001006,1,41.4762258,-74.0672837,41.4728787,-74.0341867
360710126012007,360710128001006,1,41.4819112,-74.0711482,41.4728787,-74.0341867
360710127001002,360710128001006,1,41.4806924,-74.0365826,41.4728787,-74.0341867
360710128004006,360710128001006,1,41.464596,-74.0402192,41.4728787,-74.0341867
360710152006081,360710128001006,1,41.4570113,-74.072884,41.4728787,-74.0341867
360710126011000,360710128001007,1,41.4866711,-74.0469285,41.4726228,-74.0355334
360710126022010,360710128001007,1,41.4555782,-74.0613089,41.4726228,-74.0355334
360710128003025,360710128001007,1,41.4604431,-74.0283939,41.4726228,-74.0355334
360710126012006,360710128001008,1,41.4762258,-74.0672837,41.4706809,-74.0409607
360710126022010,360710128001008,1,41.4555782,-74.0613089,41.4706809,-74.0409607
360710126022001,360710128001009,1,41.453347,-74.051145,41.4675585,-74.0432113
360710127003011,360710128001009,1,41.4798401,-74.0253321,41.4675585,-74.0432113
360710128002008,360710128001009,1,41.4698297,-74.0318317,41.4675585,-74.0432113
360710128003001,360710128001009,1,41.4852498,-74.0082136,41.4675585,-74.0432113
360710128004006,360710128001009,1,41.464596,-74.0402192,41.4675585,-74.0432113
360710126021000,360710128001010,1,41.467769,-74.0501948,41.4689154,-74.044893
360710126011000,360710128002002,3,41.4866711,-74.0469285,41.4653553,-74.025792
360710126012006,360710128002002,1,41.4762258,-74.0672837,41.4653553,-74.025792
360710126012008,360710128002002,1,41.4818979,-74.0655142,41.4653553,-74.025792
360710126012014,360710128002002,1,41.4744048,-74.0496624,41.4653553,-74.025792
360710126012019,360710128002002,2,41.4765339,-74.0575322,41.4653553,-74.025792
360710126021004,360710128002002,1,41.4635675,-74.0481642,41.4653553,-74.025792
360710126022001,360710128002002,1,41.453347,-74.051145,41.4653553,-74.025792
360710126023010,360710128002002,1,41.4579045,-74.053103,41.4653553,-74.025792
360710127001002,360710128002002,1,41.4806924,-74.0365826,41.4653553,-74.025792
360710127004018,360710128002002,1,41.4766083,-74.0214617,41.4653553,-74.025792
360710128002005,360710128002002,1,41.4653672,-74.0285976,41.4653553,-74.025792
360710128003025,360710128002002,1,41.4604431,-74.0283939,41.4653553,-74.025792
360710128003042,360710128002002,1,41.4573956,-74.0446913,41.4653553,-74.025792
360710152003047,360710128002002,1,41.4986818,-74.1073648,41.4653553,-74.025792
360710152003052,360710128002002,1,41.491817,-74.1061922,41.4653553,-74.025792
360710152004016,360710128002002,1,41.4845213,-74.0860791,41.4653553,-74.025792
360710126011000,360710128002003,1,41.4866711,-74.0469285,41.4649736,-74.0263453
360710126011000,360710128002004,1,41.4866711,-74.0469285,41.4677868,-74.024617
360710126022001,360710128002004,1,41.453347,-74.051145,41.4677868,-74.024617
360710128003023,360710128002004,2,41.4610963,-74.0212086,41.4677868,-74.024617
360710126022010,360710128002005,1,41.4555782,-74.0613089,41.4653672,-74.0285976
360710127001002,360710128002005,1,41.4806924,-74.0365826,41.4653672,-74.0285976
360710126011000,360710128002006,1,41.4866711,-74.0469285,41.469857,-74.0235876
360710126012007,360710128002006,1,41.4819112,-74.0711482,41.469857,-74.0235876
360710126012008,360710128002006,1,41.4818979,-74.0655142,41.469857,-74.0235876
360710126021000,360710128002006,1,41.467769,-74.0501948,41.469857,-74.0235876
360710127001002,360710128002006,1,41.4806924,-74.0365826,41.469857,-74.0235876
360710127002014,360710128002006,1,41.4892023,-74.0239824,41.469857,-74.0235876
360710127004012,360710128002006,1,41.4820252,-74.018,41.469857,-74.0235876
360710128002008,360710128002006,1,41.4698297,-74.0318317,41.469857,-74.0235876
360710128003001,360710128002006,1,41.4852498,-74.0082136,41.469857,-74.0235876
360710152003052,360710128002006,1,41.491817,-74.1061922,41.469857,-74.0235876
360710152006028,360710128002006,1,41.4788455,-74.1021335,41.469857,-74.0235876
360710128004006,360710128002007,1,41.464596,-74.0402192,41.4724391,-74.0253396
360710126012006,360710128002008,1,41.4762258,-74.0672837,41.4698297,-74.0318317
360710126012014,360710128002008,1,41.4744048,-74.0496624,41.4698297,-74.0318317
360710126012019,360710128002008,1,41.4765339,-74.0575322,41.4698297,-74.0318317
360710126012026,360710128002008,2,41.4823471,-74.0627449,41.4698297,-74.0318317
360710126021000,360710128002008,3,41.467769,-74.0501948,41.4698297,-74.0318317
360710126022001,360710128002008,4,41.453347,-74.051145,41.4698297,-74.0318317
360710126022010,360710128002008,1,41.4555782,-74.0613089,41.4698297,-74.0318317
360710126023010,360710128002008,1,41.4579045,-74.053103,41.4698297,-74.0318317
360710127001002,360710128002008,1,41.4806924,-74.0365826,41.4698297,-74.0318317
360710127001004,360710128002008,1,41.4835203,-74.0328777,41.4698297,-74.0318317
360710127002007,360710128002008,1,41.4887751,-74.0268377,41.4698297,-74.0318317
360710127004000,360710128002008,1,41.4892193,-74.0163774,41.4698297,-74.0318317
360710128002002,360710128002008,1,41.4653553,-74.025792,41.4698297,-74.0318317
360710128002008,360710128002008,1,41.4698297,-74.0318317,41.4698297,-74.0318317
360710128003025,360710128002008,3,41.4604431,-74.0283939,41.4698297,-74.0318317
360710152003015,360710128002008,1,41.5005359,-74.0828547,41.4698297,-74.0318317
360710152003042,360710128002008,1,41.4894041,-74.1025899,41.4698297,-74.0318317
360710152003056,360710128002008,1,41.4875342,-74.10602,41.4698297,-74.0318317
360710152004017,360710128002008,1,41.4857383,-74.0841076,41.4698297,-74.0318317
360710127004012,360710128002009,1,41.4820252,-74.018,41.467361,-74.0274543
360710128002005,360710128002009,1,41.4653672,-74.0285976,41.467361,-74.0274543
360710128003023,360710128002009,1,41.4610963,-74.0212086,41.467361,-74.0274543
360710152003041,360710128002010,1,41.4917399,-74.102105,41.4668987,-74.0308353
360710126012007,360710128002012,1,41.4819112,-74.0711482,41.4725018,-74.0285614
360710126012019,360710128002012,1,41.4765339,-74.0575322,41.4725018,-74.0285614
360710126012006,360710128002014,1,41.4762258,-74.0672837,41.4701945,-74.026919
360710126012014,360710128002014,1,41.4744048,-74.0496624,41.4701945,-74.026919
360710126021000,360710128002014,1,41.467769,-74.0501948,41.4701945,-74.026919
360710152003019,360710128002014,1,41.5008701,-74.1046994,41.4701945,-74.026919
360710128003051,360710128002019,1,41.4572625,-74.0248847,41.4654781,-74.0349138
360710126023010,360710128003006,1,41.4579045,-74.053103,41.4646851,-74.0178274
360710128003033,360710128003006,1,41.4634337,-74.0353412,41.4646851,-74.0178274
360710126012006,360710128003007,1,41.4762258,-74.0672837,41.4738928,-74.0138022
360710126012019,360710128003007,6,41.4765339,-74.0575322,41.4738928,-74.0138022
360710126022001,360710128003007,1,41.453347,-74.051145,41.4738928,-74.0138022
360710128003023,360710128003007,1,41.4610963,-74.0212086,41.4738928,-74.0138022
360710128003033,360710128003007,1,41.4634337,-74.0353412,41.4738928,-74.0138022
360710126011000,360710128003009,1,41.4866711,-74.0469285,41.4674287,-74.0172829
360710127001002,360710128003009,1,41.4806924,-74.0365826,41.4674287,-74.0172829
360710126012006,360710128003010,1,41.4762258,-74.0672837,41.4691423,-74.0152804
360710128003017,360710128003010,1,41.4724761,-74.0172885,41.4691423,-74.0152804
360710127002002,360710128003011,1,41.4874184,-74.030265,41.4702078,-74.017477
360710126021000,360710128003012,1,41.467769,-74.0501948,41.4690572,-74.0167855
360710127001002,360710128003012,1,41.4806924,-74.0365826,41.4690572,-74.0167855
360710126023002,360710128003013,1,41.4597565,-74.0562759,41.4678409,-74.0165539
360710128003017,360710128003013,1,41.4724761,-74.0172885,41.4678409,-74.0165539
360710128003042,360710128003014,1,41.4573956,-74.0446913,41.470411,-74.015727
360710128002008,360710128003015,1,41.4698297,-74.0318317,41.4742186,-74.0147549
360710126011000,360710128003018,1,41.4866711,-74.0469285,41.4757255,-74.0158314
360710126012006,360710128003018,1,41.4762258,-74.0672837,41.4757255,-74.0158314
360710128004007,360710128003018,1,41.4656825,-74.036476,41.4757255,-74.0158314
360710126012006,360710128003021,2,41.4762258,-74.0672837,41.4597911,-74.0199866
360710126021000,360710128003021,1,41.467769,-74.0501948,41.4597911,-74.0199866
360710126022010,360710128003021,1,41.4555782,-74.0613089,41.4597911,-74.0199866
360710128003023,360710128003021,1,41.4610963,-74.0212086,41.4597911,-74.0199866
360710128003025,360710128003021,1,41.4604431,-74.0283939,41.4597911,-74.0199866
360710128002014,360710128003022,1,41.4701945,-74.026919,41.4602722,-74.0186119
360710128003001,360710128003022,1,41.4852498,-74.0082136,41.4602722,-74.0186119
360710126012008,360710128003025,1,41.4818979,-74.0655142,41.4604431,-74.0283939
360710126012014,360710128003025,1,41.4744048,-74.0496624,41.4604431,-74.0283939
360710126012019,360710128003025,1,41.4765339,-74.0575322,41.4604431,-74.0283939
360710126021004,360710128003025,1,41.4635675,-74.0481642,41.4604431,-74.0283939
360710126023006,360710128003025,1,41.4569091,-74.0584629,41.4604431,-74.0283939
360710127001004,360710128003025,1,41.4835203,-74.0328777,41.4604431,-74.0283939
360710127001011,360710128003025,1,41.4753139,-74.0411667,41.4604431,-74.0283939
360710127004012,360710128003025,1,41.4820252,-74.018,41.4604431,-74.0283939
360710128002005,360710128003025,1,41.4653672,-74.0285976,41.4604431,-74.0283939
360710128003001,360710128003025,1,41.4852498,-74.0082136,41.4604431,-74.0283939
360710128003023,360710128003025,1,41.4610963,-74.0212086,41.4604431,-74.0283939
360710128003025,360710128003025,1,41.4604431,-74.0283939,41.4604431,-74.0283939
360710128004006,360710128003025,1,41.464596,-74.0402192,41.4604431,-74.0283939
360710152006015,360710128003025,1,41.4504523,-74.065907,41.4604431,-74.0283939
360710126012006,360710128003027,1,41.4762258,-74.0672837,41.4614777,-74.0323122
360710128002002,360710128003028,1,41.4653553,-74.025792,41.4620915,-74.0301253
360710127001002,360710128003029,1,41.4806924,-74.0365826,41.4607175,-74.0304291
360710152003007,360710128003029,1,41.5136264,-74.1108596,41.4607175,-74.0304291
360710127001002,360710128003030,1,41.4806924,-74.0365826,41.4602427,-74.0340038
360710127002002,360710128003030,1,41.4874184,-74.030265,41.4602427,-74.0340038
360710152003007,360710128003030,1,41.5136264,-74.1108596,41.4602427,-74.0340038
360710127001002,360710128003031,1,41.4806924,-74.0365826,41.4612911,-74.0339081
360710126011000,360710128003032,1,41.4866711,-74.0469285,41.4624096,-74.0351546
360710126012019,360710128003032,1,41.4765339,-74.0575322,41.4624096,-74.0351546
360710126022010,360710128003032,1,41.4555782,-74.0613089,41.4624096,-74.0351546
360710127004003,360710128003032,1,41.490944,-74.0212631,41.4624096,-74.0351546
360710152006015,360710128003032,1,41.4504523,-74.065907,41.4624096,-74.0351546
360710126012004,360710128003033,1,41.4929784,-74.0766747,41.4634337,-74.0353412
360710126012006,360710128003033,3,41.4762258,-74.0672837,41.4634337,-74.0353412
360710126012008,360710128003033,1,41.4818979,-74.0655142,41.4634337,-74.0353412
360710126012014,360710128003033,3,41.4744048,-74.0496624,41.4634337,-74.0353412
360710126012019,360710128003033,3,41.4765339,-74.0575322,41.4634337,-74.0353412
360710126012026,360710128003033,1,41.4823471,-74.0627449,41.4634337,-74.0353412
360710126021000,360710128003033,1,41.467769,-74.0501948,41.4634337,-74.0353412
360710126022001,360710128003033,1,41.453347,-74.051145,41.4634337,-74.0353412
360710126022009,360710128003033,1,41.4519602,-74.0602474,41.4634337,-74.0353412
360710126022010,360710128003033,1,41.4555782,-74.0613089,41.4634337,-74.0353412
360710126023002,360710128003033,4,41.4597565,-74.0562759,41.4634337,-74.0353412
360710126023010,360710128003033,1,41.4579045,-74.053103,41.4634337,-74.0353412
360710127001008,360710128003033,1,41.4797389,-74.031226,41.4634337,-74.0353412
360710127003011,360710128003033,1,41.4798401,-74.0253321,41.4634337,-74.0353412
360710127004005,360710128003033,1,41.4838031,-74.0141577,41.4634337,-74.0353412
360710127004012,360710128003033,1,41.4820252,-74.018,41.4634337,-74.0353412
360710128002005,360710128003033,1,41.4653672,-74.0285976,41.4634337,-74.0353412
360710128002008,360710128003033,1,41.4698297,-74.0318317,41.4634337,-74.0353412
360710128002019,360710128003033,1,41.4654781,-74.0349138,41.4634337,-74.0353412
360710128003025,360710128003033,1,41.4604431,-74.0283939,41.4634337,-74.0353412
360710128003034,360710128003033,1,41.4580349,-74.0361917,41.4634337,-74.0353412
360710128003042,360710128003033,1,41.4573956,-74.0446913,41.4634337,-74.0353412
360710128003052,360710128003033,1,41.4551667,-74.0257871,41.4634337,-74.0353412
360710128004005,360710128003033,1,41.4656629,-74.0426337,41.4634337,-74.0353412
360710152006028,360710128003033,1,41.4788455,-74.1021335,41.4634337,-74.0353412
360710126011000,360710128003034,1,41.4866711,-74.0469285,41.4580349,-74.0361917
360710128003033,360710128003034,1,41.4634337,-74.0353412,41.4580349,-74.0361917
360710152003007,360710128003034,1,41.5136264,-74.1108596,41.4580349,-74.0361917
360710126011000,360710128003035,1,41.4866711,-74.0469285,41.45888,-74.036662
360710126012006,360710128003035,1,41.4762258,-74.0672837,41.45888,-74.036662
360710126023010,360710128003035,1,41.4579045,-74.053103,41.45888,-74.036662
360710128003037,360710128003035,1,41.4608308,-74.041484,41.45888,-74.036662
360710152003008,360710128003035,1,41.5121673,-74.1181441,41.45888,-74.036662
360710126021004,360710128003036,1,41.4635675,-74.0481642,41.4598403,-74.0378814
360710126012000,360710128003037,1,41.4874042,-74.072083,41.4608308,-74.041484
360710126012014,360710128003037,1,41.4744048,-74.0496624,41.4608308,-74.041484
360710126012019,360710128003037,1,41.4765339,-74.0575322,41.4608308,-74.041484
360710126022006,360710128003037,1,41.4540112,-74.0523403,41.4608308,-74.041484
360710126023010,360710128003037,2,41.4579045,-74.053103,41.4608308,-74.041484
360710127001004,360710128003037,1,41.4835203,-74.0328777,41.4608308,-74.041484
360710127001011,360710128003037,1,41.4753139,-74.0411667,41.4608308,-74.041484
360710128001006,360710128003037,1,41.4728787,-74.0341867,41.4608308,-74.041484
360710128002008,360710128003037,1,41.4698297,-74.0318317,41.4608308,-74.041484
360710128002014,360710128003037,1,41.4701945,-74.026919,41.4608308,-74.041484
360710128002019,360710128003037,1,41.4654781,-74.0349138,41.4608308,-74.041484
360710128003025,360710128003037,1,41.4604431,-74.0283939,41.4608308,-74.041484
360710128004006,360710128003037,1,41.464596,-74.0402192,41.4608308,-74.041484
360710152003004,360710128003037,1,41.5067822,-74.0989536,41.4608308,-74.041484
360710152005013,360710128003037,1,41.448558,-74.1169295,41.4608308,-74.041484
360710126011000,360710128003040,1,41.4866711,-74.0469285,41.4615368,-74.0361142
360710126012019,360710128003040,1,41.4765339,-74.0575322,41.4615368,-74.0361142
360710126023002,360710128003040,1,41.4597565,-74.0562759,41.4615368,-74.0361142
360710127004018,360710128003040,1,41.4766083,-74.0214617,41.4615368,-74.0361142
360710128003025,360710128003040,1,41.4604431,-74.0283939,41.4615368,-74.0361142
360710152003007,360710128003040,1,41.5136264,-74.1108596,41.4615368,-74.0361142
360710126021000,360710128003041,1,41.467769,-74.0501948,41.4601221,-74.0358525
360710127001002,360710128003041,1,41.4806924,-74.0365826,41.4601221,-74.0358525
360710152006014,360710128003041,1,41.4533563,-74.066388,41.4601221,-74.0358525
360710152006015,360710128003041,1,41.4504523,-74.065907,41.4601221,-74.0358525
360710152006026,360710128003041,1,41.470195,-74.0992582,41.4601221,-74.0358525
360710126012014,360710128003042,1,41.4744048,-74.0496624,41.4573956,-74.0446913
360710127004012,360710128003042,2,41.4820252,-74.018,41.4573956,-74.0446913
360710152005003,360710128003042,1,41.451848,-74.1220067,41.4573956,-74.0446913
360710126012019,360710128003043,1,41.4765339,-74.0575322,41.4576131,-74.0303855
360710126012019,360710128003044,2,41.4765339,-74.0575322,41.4567568,-74.026568
360710127001004,360710128003044,1,41.4835203,-74.0328777,41.4567568,-74.026568
360710126011000,360710128003050,1,41.4866711,-74.0469285,41.4575965,-74.0242613
360710126012006,360710128003052,1,41.4762258,-74.0672837,41.4551667,-74.0257871
360710128002005,360710128003052,1,41.4653672,-74.0285976,41.4551667,-74.0257871
360710128002019,360710128003052,1,41.4654781,-74.0349138,41.4551667,-74.0257871
360710126012007,360710128003054,1,41.4819112,-74.0711482,41.4551203,-74.0350581
360710127003000,360710128003054,1,41.4892942,-74.0209219,41.4551203,-74.0350581
360710127003011,360710128003054,1,41.4798401,-74.0253321,41.4551203,-74.0350581
360710128004006,360710128003054,2,41.464596,-74.0402192,41.4551203,-74.0350581
360710126021000,360710128003055,1,41.467769,-74.0501948,41.4547943,-74.0242516
360710128002005,360710128003055,1,41.4653672,-74.0285976,41.4547943,-74.0242516
360710126012006,360710128003057,1,41.4762258,-74.0672837,41.4697642,-74.0161752
360710126012014,360710128004000,1,41.4744048,-74.0496624,41.470165,-74.039989
360710128002002,360710128004000,1,41.4653553,-74.025792,41.470165,-74.039989
360710128003023,360710128004000,1,41.4610963,-74.0212086,41.470165,-74.039989
360710126012019,360710128004001,1,41.4765339,-74.0575322,41.469372,-74.0394906
360710152003019,360710128004001,1,41.5008701,-74.1046994,41.469372,-74.0394906
360710126012006,360710128004002,1,41.4762258,-74.0672837,41.4689323,-74.0382431
360710126021004,360710128004002,1,41.4635675,-74.0481642,41.4689323,-74.0382431
360710127002002,360710128004002,1,41.4874184,-74.030265,41.4689323,-74.0382431
360710128003007,360710128004002,1,41.4738928,-74.0138022,41.4689323,-74.0382431
360710128003033,360710128004002,1,41.4634337,-74.0353412,41.4689323,-74.0382431
360710128004006,360710128004002,1,41.464596,-74.0402192,41.4689323,-74.0382431
360710126012006,360710128004003,1,41.4762258,-74.0672837,41.4670143,-74.0406889
360710126012019,360710128004003,1,41.4765339,-74.0575322,41.4670143,-74.0406889
360710127001002,360710128004003,1,41.4806924,-74.0365826,41.4670143,-74.0406889
360710127001004,360710128004003,2,41.4835203,-74.0328777,41.4670143,-74.0406889
360710128003001,360710128004003,1,41.4852498,-74.0082136,41.4670143,-74.0406889
360710128003023,360710128004003,1,41.4610963,-74.0212086,41.4670143,-74.0406889
360710126011000,360710128004005,2,41.4866711,-74.0469285,41.4656629,-74.0426337
360710128002002,360710128004005,1,41.4653553,-74.025792,41.4656629,-74.0426337
360710126012006,360710128004006,1,41.4762258,-74.0672837,41.464596,-74.0402192
360710126022001,360710128004006,1,41.453347,-74.051145,41.464596,-74.0402192
360710126022010,360710128004006,1,41.4555782,-74.0613089,41.464596,-74.0402192
360710126023010,360710128004006,1,41.4579045,-74.053103,41.464596,-74.0402192
360710128003021,360710128004006,1,41.4597911,-74.0199866,41.464596,-74.0402192
360710152004016,360710128004006,1,41.4845213,-74.0860791,41.464596,-74.0402192
360710152006014,360710128004006,1,41.4533563,-74.066388,41.464596,-74.0402192
360710126011006,360710128004007,1,41.4860442,-74.052517,41.4656825,-74.036476
360710126012006,360710128004007,1,41.4762258,-74.0672837,41.4656825,-74.036476
360710126021004,360710128004007,1,41.4635675,-74.0481642,41.4656825,-74.036476
360710126023006,360710128004007,1,41.4569091,-74.0584629,41.4656825,-74.036476
